transaction_id,client_id,date,product,quantity,unit_price,total
1,68,2019-01-01,Cheese,5,2.5,12.5
1,68,2019-01-01,Orange Juice,5,3.5,17.5
1,68,2019-01-01,Carrots,5,2.7,13.5
1,68,2019-01-01,Bread,5,2,10
2,4,2019-01-01,Bread,4,2,8
2,4,2019-01-01,Tomatoes,4,5,20
2,4,2019-01-01,Ice Cream,4,5,20
3,17,2019-01-01,Tomatoes,5,5,25
3,17,2019-01-01,Orange Juice,5,3.5,17.5
3,17,2019-01-01,Ice Cream,5,5,25
4,88,2019-01-01,Tomatoes,4,5,20
4,88,2019-01-01,Pasta,4,3,12
4,88,2019-01-01,Ice Cream,4,5,20
4,88,2019-01-01,Carrots,4,2.7,10.8
5,90,2019-01-01,Lettuce,1,2,2
5,90,2019-01-01,Carrots,1,2.7,2.7
5,90,2019-01-01,Pasta,1,3,3
5,90,2019-01-01,Potatoes,1,2.3,2.3
5,90,2019-01-01,Cheese,1,2.5,2.5
6,73,2019-01-01,Lettuce,3,2,6
6,73,2019-01-01,Potatoes,3,2.3,6.8999999999999995
7,67,2019-01-01,Orange Juice,5,3.5,17.5
7,67,2019-01-01,Bread,5,2,10
7,67,2019-01-01,Milk,5,1.5,7.5
7,67,2019-01-01,Ice Cubes,5,1,5
8,25,2019-01-01,Lettuce,5,2,10
8,25,2019-01-01,Orange Juice,5,3.5,17.5
8,25,2019-01-01,Tomatoes,5,5,25
9,26,2019-01-01,Ice Cream,1,5,5
9,26,2019-01-01,Pasta,1,3,3
9,26,2019-01-01,Lettuce,1,2,2
9,26,2019-01-01,Bread,1,2,2
10,13,2019-01-01,Ice Cream,3,5,15
10,13,2019-01-01,Orange Juice,3,3.5,10.5
10,13,2019-01-01,Lettuce,3,2,6
10,13,2019-01-01,Tomatoes,3,5,15
11,94,2019-01-01,Orange Juice,4,3.5,14.0
12,98,2019-01-01,Cheese,1,2.5,2.5
12,98,2019-01-01,Orange Juice,1,3.5,3.5
12,98,2019-01-01,Lettuce,1,2,2
12,98,2019-01-01,Carrots,1,2.7,2.7
12,98,2019-01-01,Bread,1,2,2
13,11,2019-01-01,Orange Juice,3,3.5,10.5
13,11,2019-01-01,Bread,3,2,6
13,11,2019-01-01,Lettuce,3,2,6
14,77,2019-01-01,Cheese,1,2.5,2.5
14,77,2019-01-01,Potatoes,1,2.3,2.3
14,77,2019-01-01,Pasta,1,3,3
14,77,2019-01-01,Orange Juice,1,3.5,3.5
14,77,2019-01-01,Ice Cubes,1,1,1
15,4,2019-01-01,Tomatoes,5,5,25
15,4,2019-01-01,Milk,5,1.5,7.5
15,4,2019-01-01,Ice Cubes,5,1,5
15,4,2019-01-01,Orange Juice,5,3.5,17.5
15,4,2019-01-01,Cheese,5,2.5,12.5
16,32,2019-01-01,Pasta,4,3,12
16,32,2019-01-01,Cheese,4,2.5,10.0
16,32,2019-01-01,Orange Juice,4,3.5,14.0
16,32,2019-01-01,Ice Cream,4,5,20
17,10,2019-01-01,Orange Juice,4,3.5,14.0
18,3,2019-01-01,Cheese,4,2.5,10.0
18,3,2019-01-01,Tomatoes,4,5,20
19,60,2019-01-01,Ice Cubes,5,1,5
20,31,2019-01-01,Carrots,1,2.7,2.7
21,36,2019-01-01,Orange Juice,1,3.5,3.5
21,36,2019-01-01,Carrots,1,2.7,2.7
21,36,2019-01-01,Tomatoes,1,5,5
21,36,2019-01-01,Pasta,1,3,3
21,36,2019-01-01,Lettuce,1,2,2
22,88,2019-01-01,Orange Juice,1,3.5,3.5
22,88,2019-01-01,Potatoes,1,2.3,2.3
22,88,2019-01-01,Ice Cubes,1,1,1
22,88,2019-01-01,Ice Cream,1,5,5
22,88,2019-01-01,Milk,1,1.5,1.5
23,90,2019-01-01,Ice Cubes,3,1,3
24,71,2019-01-01,Milk,4,1.5,6.0
24,71,2019-01-01,Lettuce,4,2,8
24,71,2019-01-01,Ice Cubes,4,1,4
25,98,2019-01-01,Potatoes,1,2.3,2.3
25,98,2019-01-01,Orange Juice,1,3.5,3.5
26,92,2019-01-01,Bread,2,2,4
26,92,2019-01-01,Tomatoes,2,5,10
26,92,2019-01-01,Ice Cubes,2,1,2
27,73,2019-01-01,Pasta,4,3,12
28,51,2019-01-01,Bread,3,2,6
29,55,2019-01-01,Milk,4,1.5,6.0
29,55,2019-01-01,Cheese,4,2.5,10.0
29,55,2019-01-01,Pasta,4,3,12
29,55,2019-01-01,Carrots,4,2.7,10.8
30,77,2019-01-01,Carrots,5,2.7,13.5
30,77,2019-01-01,Lettuce,5,2,10
30,77,2019-01-01,Tomatoes,5,5,25
31,65,2019-01-01,Orange Juice,3,3.5,10.5
31,65,2019-01-01,Ice Cream,3,5,15
32,63,2019-01-01,Potatoes,1,2.3,2.3
32,63,2019-01-01,Orange Juice,1,3.5,3.5
32,63,2019-01-01,Pasta,1,3,3
32,63,2019-01-01,Cheese,1,2.5,2.5
33,19,2019-01-01,Tomatoes,3,5,15
33,19,2019-01-01,Pasta,3,3,9
33,19,2019-01-01,Ice Cubes,3,1,3
33,19,2019-01-01,Orange Juice,3,3.5,10.5
34,10,2019-01-01,Ice Cubes,4,1,4
34,10,2019-01-01,Milk,4,1.5,6.0
35,31,2019-01-01,Lettuce,3,2,6
35,31,2019-01-01,Cheese,3,2.5,7.5
35,31,2019-01-01,Ice Cubes,3,1,3
35,31,2019-01-01,Ice Cream,3,5,15
36,29,2019-01-01,Lettuce,5,2,10
36,29,2019-01-01,Ice Cream,5,5,25
36,29,2019-01-01,Milk,5,1.5,7.5
37,43,2019-01-01,Ice Cubes,3,1,3
37,43,2019-01-01,Lettuce,3,2,6
37,43,2019-01-01,Orange Juice,3,3.5,10.5
38,4,2019-01-01,Bread,4,2,8
38,4,2019-01-01,Tomatoes,4,5,20
38,4,2019-01-01,Orange Juice,4,3.5,14.0
38,4,2019-01-01,Pasta,4,3,12
39,91,2019-01-01,Orange Juice,5,3.5,17.5
39,91,2019-01-01,Bread,5,2,10
39,91,2019-01-01,Tomatoes,5,5,25
39,91,2019-01-01,Ice Cubes,5,1,5
39,91,2019-01-01,Milk,5,1.5,7.5
40,85,2019-01-01,Pasta,5,3,15
41,67,2019-01-01,Milk,2,1.5,3.0
41,67,2019-01-01,Potatoes,2,2.3,4.6
41,67,2019-01-01,Lettuce,2,2,4
41,67,2019-01-01,Ice Cubes,2,1,2
41,67,2019-01-01,Tomatoes,2,5,10
42,63,2019-01-01,Pasta,2,3,6
42,63,2019-01-01,Orange Juice,2,3.5,7.0
43,38,2019-01-01,Milk,2,1.5,3.0
43,38,2019-01-01,Tomatoes,2,5,10
44,71,2019-01-01,Ice Cream,5,5,25
45,38,2019-01-01,Carrots,5,2.7,13.5
45,38,2019-01-01,Lettuce,5,2,10
45,38,2019-01-01,Ice Cream,5,5,25
45,38,2019-01-01,Ice Cubes,5,1,5
45,38,2019-01-01,Tomatoes,5,5,25
46,50,2019-01-02,Milk,3,1.5,4.5
46,50,2019-01-02,Carrots,3,2.7,8.100000000000001
46,50,2019-01-02,Orange Juice,3,3.5,10.5
46,50,2019-01-02,Cheese,3,2.5,7.5
46,50,2019-01-02,Ice Cream,3,5,15
47,56,2019-01-02,Orange Juice,3,3.5,10.5
48,79,2019-01-02,Carrots,4,2.7,10.8
48,79,2019-01-02,Orange Juice,4,3.5,14.0
49,1,2019-01-02,Orange Juice,3,3.5,10.5
49,1,2019-01-02,Cheese,3,2.5,7.5
50,7,2019-01-02,Ice Cream,2,5,10
50,7,2019-01-02,Orange Juice,2,3.5,7.0
50,7,2019-01-02,Lettuce,2,2,4
50,7,2019-01-02,Milk,2,1.5,3.0
51,75,2019-01-02,Carrots,2,2.7,5.4
51,75,2019-01-02,Ice Cream,2,5,10
51,75,2019-01-02,Orange Juice,2,3.5,7.0
52,40,2019-01-02,Lettuce,4,2,8
52,40,2019-01-02,Pasta,4,3,12
52,40,2019-01-02,Milk,4,1.5,6.0
52,40,2019-01-02,Ice Cream,4,5,20
52,40,2019-01-02,Tomatoes,4,5,20
53,51,2019-01-02,Bread,3,2,6
53,51,2019-01-02,Ice Cream,3,5,15
53,51,2019-01-02,Pasta,3,3,9
54,11,2019-01-02,Lettuce,2,2,4
55,99,2019-01-02,Ice Cubes,3,1,3
55,99,2019-01-02,Milk,3,1.5,4.5
56,28,2019-01-02,Potatoes,3,2.3,6.8999999999999995
56,28,2019-01-02,Lettuce,3,2,6
56,28,2019-01-02,Pasta,3,3,9
56,28,2019-01-02,Bread,3,2,6
57,74,2019-01-02,Milk,4,1.5,6.0
58,97,2019-01-02,Carrots,2,2.7,5.4
59,79,2019-01-02,Lettuce,2,2,4
59,79,2019-01-02,Pasta,2,3,6
59,79,2019-01-02,Ice Cream,2,5,10
59,79,2019-01-02,Tomatoes,2,5,10
60,82,2019-01-02,Cheese,3,2.5,7.5
60,82,2019-01-02,Ice Cubes,3,1,3
60,82,2019-01-02,Bread,3,2,6
60,82,2019-01-02,Tomatoes,3,5,15
60,82,2019-01-02,Lettuce,3,2,6
61,70,2019-01-02,Cheese,3,2.5,7.5
61,70,2019-01-02,Ice Cubes,3,1,3
61,70,2019-01-02,Ice Cream,3,5,15
61,70,2019-01-02,Bread,3,2,6
62,44,2019-01-02,Orange Juice,2,3.5,7.0
63,27,2019-01-02,Potatoes,3,2.3,6.8999999999999995
63,27,2019-01-02,Tomatoes,3,5,15
63,27,2019-01-02,Orange Juice,3,3.5,10.5
64,75,2019-01-02,Bread,2,2,4
65,61,2019-01-02,Orange Juice,4,3.5,14.0
65,61,2019-01-02,Ice Cubes,4,1,4
65,61,2019-01-02,Potatoes,4,2.3,9.2
65,61,2019-01-02,Pasta,4,3,12
65,61,2019-01-02,Lettuce,4,2,8
66,35,2019-01-02,Cheese,2,2.5,5.0
66,35,2019-01-02,Carrots,2,2.7,5.4
66,35,2019-01-02,Ice Cream,2,5,10
67,99,2019-01-02,Milk,5,1.5,7.5
67,99,2019-01-02,Carrots,5,2.7,13.5
67,99,2019-01-02,Pasta,5,3,15
67,99,2019-01-02,Ice Cubes,5,1,5
67,99,2019-01-02,Lettuce,5,2,10
68,97,2019-01-02,Pasta,4,3,12
68,97,2019-01-02,Ice Cream,4,5,20
68,97,2019-01-02,Bread,4,2,8
69,70,2019-01-02,Potatoes,3,2.3,6.8999999999999995
70,16,2019-01-02,Lettuce,5,2,10
70,16,2019-01-02,Carrots,5,2.7,13.5
71,54,2019-01-02,Ice Cream,1,5,5
71,54,2019-01-02,Lettuce,1,2,2
71,54,2019-01-02,Cheese,1,2.5,2.5
72,50,2019-01-02,Lettuce,2,2,4
72,50,2019-01-02,Carrots,2,2.7,5.4
72,50,2019-01-02,Tomatoes,2,5,10
72,50,2019-01-02,Potatoes,2,2.3,4.6
73,89,2019-01-02,Pasta,3,3,9
73,89,2019-01-02,Tomatoes,3,5,15
73,89,2019-01-02,Potatoes,3,2.3,6.8999999999999995
73,89,2019-01-02,Cheese,3,2.5,7.5
73,89,2019-01-02,Carrots,3,2.7,8.100000000000001
74,34,2019-01-02,Pasta,1,3,3
74,34,2019-01-02,Milk,1,1.5,1.5
74,34,2019-01-02,Carrots,1,2.7,2.7
74,34,2019-01-02,Ice Cream,1,5,5
75,31,2019-01-02,Lettuce,2,2,4
75,31,2019-01-02,Pasta,2,3,6
75,31,2019-01-02,Potatoes,2,2.3,4.6
75,31,2019-01-02,Bread,2,2,4
75,31,2019-01-02,Milk,2,1.5,3.0
76,85,2019-01-02,Lettuce,5,2,10
76,85,2019-01-02,Ice Cream,5,5,25
77,40,2019-01-02,Potatoes,3,2.3,6.8999999999999995
78,101,2019-01-02,Ice Cubes,4,1,4
78,101,2019-01-02,Orange Juice,4,3.5,14.0
78,101,2019-01-02,Lettuce,4,2,8
78,101,2019-01-02,Tomatoes,4,5,20
79,59,2019-01-02,Carrots,4,2.7,10.8
79,59,2019-01-02,Ice Cubes,4,1,4
79,59,2019-01-02,Ice Cream,4,5,20
79,59,2019-01-02,Lettuce,4,2,8
80,70,2019-01-02,Pasta,4,3,12
80,70,2019-01-02,Milk,4,1.5,6.0
80,70,2019-01-02,Ice Cubes,4,1,4
81,73,2019-01-02,Potatoes,2,2.3,4.6
81,73,2019-01-02,Bread,2,2,4
81,73,2019-01-02,Milk,2,1.5,3.0
82,41,2019-01-02,Pasta,5,3,15
82,41,2019-01-02,Milk,5,1.5,7.5
82,41,2019-01-02,Cheese,5,2.5,12.5
82,41,2019-01-02,Bread,5,2,10
82,41,2019-01-02,Tomatoes,5,5,25
83,59,2019-01-02,Cheese,5,2.5,12.5
84,63,2019-01-02,Carrots,5,2.7,13.5
84,63,2019-01-02,Lettuce,5,2,10
85,63,2019-01-02,Ice Cream,5,5,25
85,63,2019-01-02,Carrots,5,2.7,13.5
86,55,2019-01-02,Carrots,1,2.7,2.7
86,55,2019-01-02,Milk,1,1.5,1.5
86,55,2019-01-02,Ice Cubes,1,1,1
87,43,2019-01-02,Lettuce,1,2,2
87,43,2019-01-02,Carrots,1,2.7,2.7
87,43,2019-01-02,Tomatoes,1,5,5
87,43,2019-01-02,Orange Juice,1,3.5,3.5
88,1,2019-01-03,Bread,2,2,4
88,1,2019-01-03,Ice Cubes,2,1,2
88,1,2019-01-03,Carrots,2,2.7,5.4
88,1,2019-01-03,Cheese,2,2.5,5.0
89,31,2019-01-03,Pasta,4,3,12
89,31,2019-01-03,Bread,4,2,8
90,24,2019-01-03,Orange Juice,3,3.5,10.5
90,24,2019-01-03,Cheese,3,2.5,7.5
91,99,2019-01-03,Cheese,2,2.5,5.0
91,99,2019-01-03,Orange Juice,2,3.5,7.0
91,99,2019-01-03,Ice Cream,2,5,10
91,99,2019-01-03,Lettuce,2,2,4
92,5,2019-01-03,Bread,5,2,10
92,5,2019-01-03,Tomatoes,5,5,25
92,5,2019-01-03,Ice Cubes,5,1,5
92,5,2019-01-03,Potatoes,5,2.3,11.5
92,5,2019-01-03,Orange Juice,5,3.5,17.5
93,82,2019-01-03,Tomatoes,3,5,15
93,82,2019-01-03,Milk,3,1.5,4.5
93,82,2019-01-03,Bread,3,2,6
93,82,2019-01-03,Ice Cream,3,5,15
93,82,2019-01-03,Carrots,3,2.7,8.100000000000001
94,59,2019-01-03,Lettuce,5,2,10
95,101,2019-01-03,Ice Cubes,2,1,2
95,101,2019-01-03,Carrots,2,2.7,5.4
96,89,2019-01-03,Tomatoes,5,5,25
97,66,2019-01-03,Bread,3,2,6
97,66,2019-01-03,Potatoes,3,2.3,6.8999999999999995
97,66,2019-01-03,Orange Juice,3,3.5,10.5
97,66,2019-01-03,Tomatoes,3,5,15
98,48,2019-01-03,Milk,1,1.5,1.5
98,48,2019-01-03,Carrots,1,2.7,2.7
98,48,2019-01-03,Bread,1,2,2
98,48,2019-01-03,Cheese,1,2.5,2.5
99,59,2019-01-03,Tomatoes,2,5,10
99,59,2019-01-03,Lettuce,2,2,4
99,59,2019-01-03,Milk,2,1.5,3.0
99,59,2019-01-03,Carrots,2,2.7,5.4
99,59,2019-01-03,Orange Juice,2,3.5,7.0
100,61,2019-01-03,Cheese,5,2.5,12.5
100,61,2019-01-03,Tomatoes,5,5,25
101,98,2019-01-03,Orange Juice,4,3.5,14.0
101,98,2019-01-03,Potatoes,4,2.3,9.2
101,98,2019-01-03,Tomatoes,4,5,20
101,98,2019-01-03,Milk,4,1.5,6.0
101,98,2019-01-03,Bread,4,2,8
102,29,2019-01-03,Cheese,3,2.5,7.5
102,29,2019-01-03,Orange Juice,3,3.5,10.5
102,29,2019-01-03,Milk,3,1.5,4.5
102,29,2019-01-03,Bread,3,2,6
102,29,2019-01-03,Ice Cream,3,5,15
103,71,2019-01-03,Potatoes,4,2.3,9.2
103,71,2019-01-03,Milk,4,1.5,6.0
103,71,2019-01-03,Lettuce,4,2,8
103,71,2019-01-03,Carrots,4,2.7,10.8
103,71,2019-01-03,Bread,4,2,8
104,90,2019-01-03,Pasta,3,3,9
105,20,2019-01-03,Orange Juice,4,3.5,14.0
105,20,2019-01-03,Pasta,4,3,12
105,20,2019-01-03,Milk,4,1.5,6.0
105,20,2019-01-03,Tomatoes,4,5,20
106,79,2019-01-03,Pasta,5,3,15
107,85,2019-01-03,Lettuce,5,2,10
107,85,2019-01-03,Ice Cream,5,5,25
107,85,2019-01-03,Milk,5,1.5,7.5
107,85,2019-01-03,Pasta,5,3,15
107,85,2019-01-03,Cheese,5,2.5,12.5
108,42,2019-01-03,Orange Juice,1,3.5,3.5
108,42,2019-01-03,Carrots,1,2.7,2.7
109,51,2019-01-03,Carrots,2,2.7,5.4
110,95,2019-01-03,Cheese,3,2.5,7.5
110,95,2019-01-03,Ice Cream,3,5,15
110,95,2019-01-03,Pasta,3,3,9
111,64,2019-01-03,Pasta,5,3,15
111,64,2019-01-03,Tomatoes,5,5,25
112,26,2019-01-03,Ice Cream,5,5,25
112,26,2019-01-03,Potatoes,5,2.3,11.5
113,62,2019-01-03,Cheese,4,2.5,10.0
113,62,2019-01-03,Ice Cream,4,5,20
114,96,2019-01-03,Pasta,2,3,6
114,96,2019-01-03,Tomatoes,2,5,10
115,65,2019-01-03,Potatoes,4,2.3,9.2
115,65,2019-01-03,Carrots,4,2.7,10.8
115,65,2019-01-03,Bread,4,2,8
115,65,2019-01-03,Pasta,4,3,12
116,47,2019-01-03,Orange Juice,4,3.5,14.0
116,47,2019-01-03,Bread,4,2,8
117,40,2019-01-03,Tomatoes,3,5,15
117,40,2019-01-03,Ice Cream,3,5,15
117,40,2019-01-03,Bread,3,2,6
117,40,2019-01-03,Cheese,3,2.5,7.5
117,40,2019-01-03,Milk,3,1.5,4.5
118,54,2019-01-03,Ice Cubes,2,1,2
118,54,2019-01-03,Bread,2,2,4
118,54,2019-01-03,Ice Cream,2,5,10
118,54,2019-01-03,Orange Juice,2,3.5,7.0
119,25,2019-01-03,Lettuce,4,2,8
119,25,2019-01-03,Ice Cubes,4,1,4
119,25,2019-01-03,Pasta,4,3,12
120,101,2019-01-03,Lettuce,5,2,10
120,101,2019-01-03,Ice Cubes,5,1,5
121,34,2019-01-03,Pasta,3,3,9
121,34,2019-01-03,Cheese,3,2.5,7.5
122,24,2019-01-04,Milk,2,1.5,3.0
123,31,2019-01-04,Ice Cubes,4,1,4
123,31,2019-01-04,Bread,4,2,8
124,23,2019-01-04,Carrots,4,2.7,10.8
124,23,2019-01-04,Ice Cream,4,5,20
124,23,2019-01-04,Cheese,4,2.5,10.0
125,52,2019-01-04,Carrots,4,2.7,10.8
125,52,2019-01-04,Ice Cream,4,5,20
125,52,2019-01-04,Orange Juice,4,3.5,14.0
126,50,2019-01-04,Bread,1,2,2
127,46,2019-01-04,Lettuce,1,2,2
127,46,2019-01-04,Tomatoes,1,5,5
127,46,2019-01-04,Pasta,1,3,3
127,46,2019-01-04,Ice Cubes,1,1,1
127,46,2019-01-04,Milk,1,1.5,1.5
128,40,2019-01-04,Milk,1,1.5,1.5
129,101,2019-01-04,Ice Cubes,1,1,1
129,101,2019-01-04,Ice Cream,1,5,5
130,25,2019-01-04,Orange Juice,4,3.5,14.0
130,25,2019-01-04,Carrots,4,2.7,10.8
130,25,2019-01-04,Cheese,4,2.5,10.0
130,25,2019-01-04,Ice Cubes,4,1,4
131,85,2019-01-04,Ice Cubes,5,1,5
132,60,2019-01-04,Milk,5,1.5,7.5
132,60,2019-01-04,Carrots,5,2.7,13.5
132,60,2019-01-04,Ice Cream,5,5,25
132,60,2019-01-04,Orange Juice,5,3.5,17.5
132,60,2019-01-04,Pasta,5,3,15
133,42,2019-01-04,Carrots,3,2.7,8.100000000000001
134,39,2019-01-04,Lettuce,3,2,6
134,39,2019-01-04,Pasta,3,3,9
135,66,2019-01-04,Bread,3,2,6
136,40,2019-01-04,Milk,1,1.5,1.5
136,40,2019-01-04,Pasta,1,3,3
136,40,2019-01-04,Ice Cubes,1,1,1
136,40,2019-01-04,Potatoes,1,2.3,2.3
137,80,2019-01-04,Tomatoes,4,5,20
137,80,2019-01-04,Potatoes,4,2.3,9.2
137,80,2019-01-04,Pasta,4,3,12
137,80,2019-01-04,Ice Cubes,4,1,4
137,80,2019-01-04,Milk,4,1.5,6.0
138,53,2019-01-04,Cheese,2,2.5,5.0
138,53,2019-01-04,Carrots,2,2.7,5.4
138,53,2019-01-04,Orange Juice,2,3.5,7.0
138,53,2019-01-04,Milk,2,1.5,3.0
139,20,2019-01-04,Pasta,3,3,9
139,20,2019-01-04,Carrots,3,2.7,8.100000000000001
140,83,2019-01-04,Milk,3,1.5,4.5
140,83,2019-01-04,Potatoes,3,2.3,6.8999999999999995
140,83,2019-01-04,Lettuce,3,2,6
141,6,2019-01-04,Carrots,1,2.7,2.7
141,6,2019-01-04,Tomatoes,1,5,5
141,6,2019-01-04,Orange Juice,1,3.5,3.5
142,82,2019-01-04,Carrots,4,2.7,10.8
142,82,2019-01-04,Ice Cream,4,5,20
142,82,2019-01-04,Cheese,4,2.5,10.0
143,46,2019-01-04,Milk,4,1.5,6.0
143,46,2019-01-04,Ice Cubes,4,1,4
144,16,2019-01-04,Carrots,2,2.7,5.4
144,16,2019-01-04,Orange Juice,2,3.5,7.0
144,16,2019-01-04,Milk,2,1.5,3.0
144,16,2019-01-04,Pasta,2,3,6
144,16,2019-01-04,Cheese,2,2.5,5.0
145,54,2019-01-04,Tomatoes,3,5,15
145,54,2019-01-04,Carrots,3,2.7,8.100000000000001
145,54,2019-01-04,Milk,3,1.5,4.5
145,54,2019-01-04,Orange Juice,3,3.5,10.5
145,54,2019-01-04,Ice Cream,3,5,15
146,51,2019-01-04,Potatoes,3,2.3,6.8999999999999995
147,75,2019-01-04,Tomatoes,1,5,5
147,75,2019-01-04,Pasta,1,3,3
147,75,2019-01-04,Lettuce,1,2,2
147,75,2019-01-04,Ice Cream,1,5,5
148,57,2019-01-04,Tomatoes,4,5,20
149,35,2019-01-04,Tomatoes,3,5,15
149,35,2019-01-04,Carrots,3,2.7,8.100000000000001
150,46,2019-01-04,Bread,2,2,4
151,16,2019-01-04,Carrots,1,2.7,2.7
152,50,2019-01-04,Lettuce,1,2,2
152,50,2019-01-04,Pasta,1,3,3
152,50,2019-01-04,Cheese,1,2.5,2.5
153,72,2019-01-04,Orange Juice,5,3.5,17.5
153,72,2019-01-04,Pasta,5,3,15
153,72,2019-01-04,Tomatoes,5,5,25
153,72,2019-01-04,Milk,5,1.5,7.5
154,37,2019-01-04,Carrots,5,2.7,13.5
155,49,2019-01-04,Potatoes,2,2.3,4.6
155,49,2019-01-04,Cheese,2,2.5,5.0
156,89,2019-01-04,Cheese,3,2.5,7.5
156,89,2019-01-04,Ice Cream,3,5,15
156,89,2019-01-04,Pasta,3,3,9
157,98,2019-01-04,Orange Juice,3,3.5,10.5
157,98,2019-01-04,Ice Cream,3,5,15
157,98,2019-01-04,Cheese,3,2.5,7.5
157,98,2019-01-04,Potatoes,3,2.3,6.8999999999999995
157,98,2019-01-04,Carrots,3,2.7,8.100000000000001
158,74,2019-01-04,Cheese,5,2.5,12.5
159,86,2019-01-04,Carrots,5,2.7,13.5
159,86,2019-01-04,Cheese,5,2.5,12.5
159,86,2019-01-04,Tomatoes,5,5,25
159,86,2019-01-04,Orange Juice,5,3.5,17.5
159,86,2019-01-04,Ice Cream,5,5,25
160,43,2019-01-04,Carrots,3,2.7,8.100000000000001
160,43,2019-01-04,Cheese,3,2.5,7.5
161,44,2019-01-04,Orange Juice,1,3.5,3.5
161,44,2019-01-04,Bread,1,2,2
161,44,2019-01-04,Milk,1,1.5,1.5
161,44,2019-01-04,Potatoes,1,2.3,2.3
162,59,2019-01-04,Pasta,1,3,3
162,59,2019-01-04,Bread,1,2,2
162,59,2019-01-04,Milk,1,1.5,1.5
162,59,2019-01-04,Ice Cubes,1,1,1
162,59,2019-01-04,Tomatoes,1,5,5
163,3,2019-01-04,Tomatoes,5,5,25
163,3,2019-01-04,Ice Cubes,5,1,5
163,3,2019-01-04,Potatoes,5,2.3,11.5
163,3,2019-01-04,Cheese,5,2.5,12.5
164,38,2019-01-04,Ice Cream,5,5,25
165,59,2019-01-04,Carrots,3,2.7,8.100000000000001
166,53,2019-01-04,Bread,5,2,10
166,53,2019-01-04,Cheese,5,2.5,12.5
166,53,2019-01-04,Ice Cubes,5,1,5
166,53,2019-01-04,Orange Juice,5,3.5,17.5
167,36,2019-01-04,Ice Cubes,3,1,3
167,36,2019-01-04,Tomatoes,3,5,15
167,36,2019-01-04,Orange Juice,3,3.5,10.5
167,36,2019-01-04,Milk,3,1.5,4.5
167,36,2019-01-04,Ice Cream,3,5,15
168,61,2019-01-04,Ice Cream,3,5,15
168,61,2019-01-04,Bread,3,2,6
168,61,2019-01-04,Cheese,3,2.5,7.5
169,101,2019-01-04,Tomatoes,2,5,10
169,101,2019-01-04,Cheese,2,2.5,5.0
169,101,2019-01-04,Lettuce,2,2,4
169,101,2019-01-04,Ice Cream,2,5,10
170,80,2019-01-04,Pasta,1,3,3
170,80,2019-01-04,Carrots,1,2.7,2.7
170,80,2019-01-04,Milk,1,1.5,1.5
170,80,2019-01-04,Potatoes,1,2.3,2.3
170,80,2019-01-04,Lettuce,1,2,2
171,22,2019-01-04,Cheese,2,2.5,5.0
171,22,2019-01-04,Ice Cubes,2,1,2
171,22,2019-01-04,Orange Juice,2,3.5,7.0
171,22,2019-01-04,Potatoes,2,2.3,4.6
171,22,2019-01-04,Milk,2,1.5,3.0
172,86,2019-01-05,Potatoes,1,2.3,2.3
172,86,2019-01-05,Tomatoes,1,5,5
172,86,2019-01-05,Ice Cream,1,5,5
172,86,2019-01-05,Bread,1,2,2
173,61,2019-01-05,Tomatoes,4,5,20
173,61,2019-01-05,Ice Cubes,4,1,4
173,61,2019-01-05,Milk,4,1.5,6.0
173,61,2019-01-05,Pasta,4,3,12
174,24,2019-01-05,Carrots,5,2.7,13.5
175,9,2019-01-05,Potatoes,2,2.3,4.6
175,9,2019-01-05,Tomatoes,2,5,10
175,9,2019-01-05,Cheese,2,2.5,5.0
175,9,2019-01-05,Ice Cream,2,5,10
175,9,2019-01-05,Lettuce,2,2,4
176,70,2019-01-05,Bread,5,2,10
176,70,2019-01-05,Tomatoes,5,5,25
177,70,2019-01-05,Tomatoes,2,5,10
177,70,2019-01-05,Carrots,2,2.7,5.4
177,70,2019-01-05,Orange Juice,2,3.5,7.0
178,69,2019-01-05,Carrots,3,2.7,8.100000000000001
178,69,2019-01-05,Milk,3,1.5,4.5
179,22,2019-01-05,Milk,3,1.5,4.5
179,22,2019-01-05,Orange Juice,3,3.5,10.5
179,22,2019-01-05,Potatoes,3,2.3,6.8999999999999995
180,81,2019-01-05,Ice Cubes,1,1,1
180,81,2019-01-05,Milk,1,1.5,1.5
180,81,2019-01-05,Lettuce,1,2,2
180,81,2019-01-05,Tomatoes,1,5,5
181,39,2019-01-05,Lettuce,1,2,2
181,39,2019-01-05,Ice Cream,1,5,5
182,39,2019-01-05,Ice Cubes,5,1,5
182,39,2019-01-05,Cheese,5,2.5,12.5
182,39,2019-01-05,Orange Juice,5,3.5,17.5
183,79,2019-01-05,Orange Juice,3,3.5,10.5
183,79,2019-01-05,Ice Cream,3,5,15
184,9,2019-01-05,Potatoes,1,2.3,2.3
184,9,2019-01-05,Tomatoes,1,5,5
185,87,2019-01-05,Ice Cubes,2,1,2
185,87,2019-01-05,Ice Cream,2,5,10
186,94,2019-01-05,Milk,1,1.5,1.5
186,94,2019-01-05,Ice Cream,1,5,5
186,94,2019-01-05,Bread,1,2,2
186,94,2019-01-05,Potatoes,1,2.3,2.3
187,50,2019-01-05,Ice Cream,4,5,20
188,68,2019-01-05,Tomatoes,4,5,20
188,68,2019-01-05,Ice Cubes,4,1,4
188,68,2019-01-05,Carrots,4,2.7,10.8
188,68,2019-01-05,Ice Cream,4,5,20
188,68,2019-01-05,Pasta,4,3,12
189,97,2019-01-05,Cheese,2,2.5,5.0
190,44,2019-01-05,Cheese,4,2.5,10.0
191,62,2019-01-05,Ice Cubes,2,1,2
191,62,2019-01-05,Orange Juice,2,3.5,7.0
191,62,2019-01-05,Potatoes,2,2.3,4.6
192,55,2019-01-05,Lettuce,4,2,8
192,55,2019-01-05,Orange Juice,4,3.5,14.0
192,55,2019-01-05,Pasta,4,3,12
193,76,2019-01-05,Lettuce,2,2,4
193,76,2019-01-05,Ice Cream,2,5,10
193,76,2019-01-05,Pasta,2,3,6
193,76,2019-01-05,Milk,2,1.5,3.0
194,7,2019-01-05,Carrots,5,2.7,13.5
194,7,2019-01-05,Milk,5,1.5,7.5
194,7,2019-01-05,Pasta,5,3,15
194,7,2019-01-05,Tomatoes,5,5,25
194,7,2019-01-05,Lettuce,5,2,10
195,99,2019-01-05,Milk,2,1.5,3.0
195,99,2019-01-05,Lettuce,2,2,4
195,99,2019-01-05,Carrots,2,2.7,5.4
195,99,2019-01-05,Tomatoes,2,5,10
196,33,2019-01-05,Potatoes,3,2.3,6.8999999999999995
196,33,2019-01-05,Ice Cream,3,5,15
197,62,2019-01-05,Ice Cubes,3,1,3
197,62,2019-01-05,Cheese,3,2.5,7.5
197,62,2019-01-05,Milk,3,1.5,4.5
197,62,2019-01-05,Potatoes,3,2.3,6.8999999999999995
197,62,2019-01-05,Ice Cream,3,5,15
198,56,2019-01-05,Bread,3,2,6
199,6,2019-01-05,Ice Cubes,2,1,2
200,59,2019-01-05,Pasta,3,3,9
200,59,2019-01-05,Ice Cubes,3,1,3
200,59,2019-01-05,Tomatoes,3,5,15
201,20,2019-01-05,Tomatoes,1,5,5
201,20,2019-01-05,Bread,1,2,2
201,20,2019-01-05,Cheese,1,2.5,2.5
202,88,2019-01-05,Lettuce,1,2,2
202,88,2019-01-05,Potatoes,1,2.3,2.3
202,88,2019-01-05,Ice Cubes,1,1,1
203,52,2019-01-05,Carrots,2,2.7,5.4
203,52,2019-01-05,Ice Cream,2,5,10
203,52,2019-01-05,Ice Cubes,2,1,2
204,64,2019-01-05,Orange Juice,4,3.5,14.0
204,64,2019-01-05,Milk,4,1.5,6.0
204,64,2019-01-05,Lettuce,4,2,8
204,64,2019-01-05,Cheese,4,2.5,10.0
204,64,2019-01-05,Ice Cream,4,5,20
205,86,2019-01-05,Lettuce,1,2,2
205,86,2019-01-05,Orange Juice,1,3.5,3.5
205,86,2019-01-05,Pasta,1,3,3
205,86,2019-01-05,Potatoes,1,2.3,2.3
206,76,2019-01-05,Tomatoes,4,5,20
206,76,2019-01-05,Cheese,4,2.5,10.0
207,61,2019-01-05,Ice Cream,2,5,10
207,61,2019-01-05,Lettuce,2,2,4
208,53,2019-01-05,Bread,2,2,4
208,53,2019-01-05,Ice Cubes,2,1,2
208,53,2019-01-05,Tomatoes,2,5,10
208,53,2019-01-05,Lettuce,2,2,4
208,53,2019-01-05,Cheese,2,2.5,5.0
209,43,2019-01-05,Ice Cubes,2,1,2
210,55,2019-01-05,Potatoes,1,2.3,2.3
210,55,2019-01-05,Lettuce,1,2,2
210,55,2019-01-05,Tomatoes,1,5,5
211,66,2019-01-05,Ice Cubes,1,1,1
211,66,2019-01-05,Milk,1,1.5,1.5
211,66,2019-01-05,Tomatoes,1,5,5
212,21,2019-01-05,Ice Cubes,4,1,4
212,21,2019-01-05,Ice Cream,4,5,20
212,21,2019-01-05,Pasta,4,3,12
212,21,2019-01-05,Carrots,4,2.7,10.8
212,21,2019-01-05,Bread,4,2,8
213,45,2019-01-05,Orange Juice,1,3.5,3.5
214,100,2019-01-05,Bread,2,2,4
214,100,2019-01-05,Ice Cream,2,5,10
215,84,2019-01-05,Carrots,5,2.7,13.5
215,84,2019-01-05,Ice Cream,5,5,25
215,84,2019-01-05,Milk,5,1.5,7.5
215,84,2019-01-05,Bread,5,2,10
215,84,2019-01-05,Pasta,5,3,15
216,19,2019-01-05,Orange Juice,2,3.5,7.0
216,19,2019-01-05,Milk,2,1.5,3.0
216,19,2019-01-05,Lettuce,2,2,4
216,19,2019-01-05,Tomatoes,2,5,10
217,85,2019-01-05,Pasta,3,3,9
218,89,2019-01-05,Carrots,5,2.7,13.5
218,89,2019-01-05,Pasta,5,3,15
219,57,2019-01-05,Orange Juice,4,3.5,14.0
219,57,2019-01-05,Pasta,4,3,12
219,57,2019-01-05,Bread,4,2,8
220,65,2019-01-05,Carrots,4,2.7,10.8
220,65,2019-01-05,Bread,4,2,8
221,2,2019-01-05,Bread,3,2,6
221,2,2019-01-05,Ice Cubes,3,1,3
221,2,2019-01-05,Carrots,3,2.7,8.100000000000001
221,2,2019-01-05,Pasta,3,3,9
222,47,2019-01-06,Orange Juice,1,3.5,3.5
222,47,2019-01-06,Tomatoes,1,5,5
222,47,2019-01-06,Lettuce,1,2,2
222,47,2019-01-06,Ice Cubes,1,1,1
223,62,2019-01-06,Pasta,1,3,3
223,62,2019-01-06,Lettuce,1,2,2
223,62,2019-01-06,Ice Cubes,1,1,1
224,39,2019-01-06,Tomatoes,1,5,5
224,39,2019-01-06,Bread,1,2,2
225,39,2019-01-06,Bread,5,2,10
226,72,2019-01-06,Tomatoes,3,5,15
226,72,2019-01-06,Lettuce,3,2,6
227,29,2019-01-06,Tomatoes,1,5,5
227,29,2019-01-06,Milk,1,1.5,1.5
228,74,2019-01-06,Lettuce,5,2,10
228,74,2019-01-06,Bread,5,2,10
228,74,2019-01-06,Milk,5,1.5,7.5
229,18,2019-01-06,Milk,5,1.5,7.5
229,18,2019-01-06,Ice Cubes,5,1,5
230,65,2019-01-06,Potatoes,3,2.3,6.8999999999999995
230,65,2019-01-06,Lettuce,3,2,6
230,65,2019-01-06,Orange Juice,3,3.5,10.5
230,65,2019-01-06,Ice Cubes,3,1,3
230,65,2019-01-06,Tomatoes,3,5,15
231,32,2019-01-06,Ice Cubes,5,1,5
231,32,2019-01-06,Carrots,5,2.7,13.5
231,32,2019-01-06,Ice Cream,5,5,25
231,32,2019-01-06,Pasta,5,3,15
232,73,2019-01-06,Potatoes,5,2.3,11.5
232,73,2019-01-06,Lettuce,5,2,10
233,69,2019-01-06,Milk,1,1.5,1.5
233,69,2019-01-06,Orange Juice,1,3.5,3.5
234,67,2019-01-06,Ice Cubes,5,1,5
234,67,2019-01-06,Potatoes,5,2.3,11.5
234,67,2019-01-06,Tomatoes,5,5,25
234,67,2019-01-06,Carrots,5,2.7,13.5
235,31,2019-01-07,Pasta,2,3,6
235,31,2019-01-07,Bread,2,2,4
235,31,2019-01-07,Tomatoes,2,5,10
235,31,2019-01-07,Cheese,2,2.5,5.0
235,31,2019-01-07,Ice Cream,2,5,10
236,94,2019-01-07,Carrots,2,2.7,5.4
236,94,2019-01-07,Cheese,2,2.5,5.0
236,94,2019-01-07,Tomatoes,2,5,10
236,94,2019-01-07,Ice Cream,2,5,10
236,94,2019-01-07,Ice Cubes,2,1,2
237,30,2019-01-07,Pasta,5,3,15
237,30,2019-01-07,Tomatoes,5,5,25
237,30,2019-01-07,Orange Juice,5,3.5,17.5
237,30,2019-01-07,Bread,5,2,10
238,94,2019-01-07,Orange Juice,3,3.5,10.5
238,94,2019-01-07,Cheese,3,2.5,7.5
239,76,2019-01-07,Carrots,5,2.7,13.5
239,76,2019-01-07,Ice Cream,5,5,25
240,41,2019-01-07,Ice Cream,1,5,5
240,41,2019-01-07,Tomatoes,1,5,5
241,16,2019-01-07,Orange Juice,3,3.5,10.5
242,74,2019-01-07,Ice Cream,3,5,15
242,74,2019-01-07,Milk,3,1.5,4.5
242,74,2019-01-07,Pasta,3,3,9
242,74,2019-01-07,Potatoes,3,2.3,6.8999999999999995
242,74,2019-01-07,Tomatoes,3,5,15
243,83,2019-01-07,Potatoes,2,2.3,4.6
243,83,2019-01-07,Carrots,2,2.7,5.4
243,83,2019-01-07,Ice Cream,2,5,10
243,83,2019-01-07,Orange Juice,2,3.5,7.0
243,83,2019-01-07,Ice Cubes,2,1,2
244,55,2019-01-07,Tomatoes,1,5,5
245,83,2019-01-07,Carrots,4,2.7,10.8
245,83,2019-01-07,Bread,4,2,8
245,83,2019-01-07,Orange Juice,4,3.5,14.0
245,83,2019-01-07,Ice Cubes,4,1,4
245,83,2019-01-07,Lettuce,4,2,8
246,17,2019-01-07,Lettuce,2,2,4
246,17,2019-01-07,Tomatoes,2,5,10
246,17,2019-01-07,Bread,2,2,4
246,17,2019-01-07,Pasta,2,3,6
247,7,2019-01-07,Cheese,4,2.5,10.0
247,7,2019-01-07,Lettuce,4,2,8
247,7,2019-01-07,Orange Juice,4,3.5,14.0
248,94,2019-01-07,Milk,1,1.5,1.5
248,94,2019-01-07,Pasta,1,3,3
248,94,2019-01-07,Lettuce,1,2,2
249,48,2019-01-07,Pasta,3,3,9
249,48,2019-01-07,Milk,3,1.5,4.5
249,48,2019-01-07,Orange Juice,3,3.5,10.5
249,48,2019-01-07,Bread,3,2,6
250,44,2019-01-07,Carrots,2,2.7,5.4
250,44,2019-01-07,Milk,2,1.5,3.0
250,44,2019-01-07,Lettuce,2,2,4
251,67,2019-01-07,Milk,3,1.5,4.5
252,88,2019-01-07,Pasta,1,3,3
252,88,2019-01-07,Ice Cream,1,5,5
252,88,2019-01-07,Lettuce,1,2,2
253,77,2019-01-07,Bread,2,2,4
253,77,2019-01-07,Pasta,2,3,6
253,77,2019-01-07,Orange Juice,2,3.5,7.0
254,10,2019-01-07,Tomatoes,3,5,15
255,84,2019-01-07,Carrots,2,2.7,5.4
255,84,2019-01-07,Milk,2,1.5,3.0
255,84,2019-01-07,Pasta,2,3,6
256,26,2019-01-07,Carrots,2,2.7,5.4
257,44,2019-01-07,Ice Cubes,1,1,1
257,44,2019-01-07,Cheese,1,2.5,2.5
257,44,2019-01-07,Carrots,1,2.7,2.7
258,33,2019-01-07,Ice Cubes,1,1,1
258,33,2019-01-07,Ice Cream,1,5,5
258,33,2019-01-07,Lettuce,1,2,2
258,33,2019-01-07,Cheese,1,2.5,2.5
259,44,2019-01-07,Orange Juice,1,3.5,3.5
259,44,2019-01-07,Ice Cream,1,5,5
259,44,2019-01-07,Milk,1,1.5,1.5
259,44,2019-01-07,Ice Cubes,1,1,1
260,22,2019-01-07,Potatoes,2,2.3,4.6
260,22,2019-01-07,Milk,2,1.5,3.0
260,22,2019-01-07,Ice Cream,2,5,10
260,22,2019-01-07,Bread,2,2,4
260,22,2019-01-07,Ice Cubes,2,1,2
261,40,2019-01-07,Ice Cubes,3,1,3
262,66,2019-01-07,Carrots,4,2.7,10.8
262,66,2019-01-07,Tomatoes,4,5,20
262,66,2019-01-07,Bread,4,2,8
262,66,2019-01-07,Ice Cubes,4,1,4
263,57,2019-01-07,Orange Juice,4,3.5,14.0
263,57,2019-01-07,Tomatoes,4,5,20
263,57,2019-01-07,Pasta,4,3,12
263,57,2019-01-07,Cheese,4,2.5,10.0
263,57,2019-01-07,Lettuce,4,2,8
264,33,2019-01-07,Orange Juice,3,3.5,10.5
264,33,2019-01-07,Tomatoes,3,5,15
265,16,2019-01-07,Bread,1,2,2
265,16,2019-01-07,Pasta,1,3,3
265,16,2019-01-07,Carrots,1,2.7,2.7
265,16,2019-01-07,Cheese,1,2.5,2.5
266,13,2019-01-07,Bread,2,2,4
266,13,2019-01-07,Carrots,2,2.7,5.4
266,13,2019-01-07,Potatoes,2,2.3,4.6
266,13,2019-01-07,Cheese,2,2.5,5.0
266,13,2019-01-07,Tomatoes,2,5,10
267,12,2019-01-07,Tomatoes,2,5,10
267,12,2019-01-07,Ice Cream,2,5,10
267,12,2019-01-07,Orange Juice,2,3.5,7.0
267,12,2019-01-07,Bread,2,2,4
268,50,2019-01-07,Bread,3,2,6
268,50,2019-01-07,Milk,3,1.5,4.5
268,50,2019-01-07,Ice Cream,3,5,15
268,50,2019-01-07,Lettuce,3,2,6
269,93,2019-01-07,Ice Cream,3,5,15
269,93,2019-01-07,Potatoes,3,2.3,6.8999999999999995
269,93,2019-01-07,Cheese,3,2.5,7.5
270,16,2019-01-07,Pasta,5,3,15
270,16,2019-01-07,Cheese,5,2.5,12.5
270,16,2019-01-07,Tomatoes,5,5,25
270,16,2019-01-07,Ice Cream,5,5,25
270,16,2019-01-07,Milk,5,1.5,7.5
271,40,2019-01-07,Milk,3,1.5,4.5
272,94,2019-01-07,Carrots,4,2.7,10.8
272,94,2019-01-07,Ice Cream,4,5,20
272,94,2019-01-07,Lettuce,4,2,8
273,11,2019-01-07,Milk,5,1.5,7.5
273,11,2019-01-07,Cheese,5,2.5,12.5
273,11,2019-01-07,Bread,5,2,10
273,11,2019-01-07,Ice Cream,5,5,25
273,11,2019-01-07,Orange Juice,5,3.5,17.5
274,89,2019-01-07,Ice Cubes,3,1,3
274,89,2019-01-07,Orange Juice,3,3.5,10.5
274,89,2019-01-07,Carrots,3,2.7,8.100000000000001
274,89,2019-01-07,Milk,3,1.5,4.5
275,27,2019-01-07,Lettuce,5,2,10
275,27,2019-01-07,Tomatoes,5,5,25
275,27,2019-01-07,Potatoes,5,2.3,11.5
276,90,2019-01-07,Tomatoes,1,5,5
276,90,2019-01-07,Bread,1,2,2
277,15,2019-01-07,Carrots,1,2.7,2.7
277,15,2019-01-07,Orange Juice,1,3.5,3.5
277,15,2019-01-07,Ice Cubes,1,1,1
277,15,2019-01-07,Cheese,1,2.5,2.5
277,15,2019-01-07,Potatoes,1,2.3,2.3
278,50,2019-01-07,Potatoes,5,2.3,11.5
278,50,2019-01-07,Ice Cubes,5,1,5
278,50,2019-01-07,Bread,5,2,10
278,50,2019-01-07,Ice Cream,5,5,25
278,50,2019-01-07,Cheese,5,2.5,12.5
279,70,2019-01-07,Ice Cream,5,5,25
279,70,2019-01-07,Ice Cubes,5,1,5
279,70,2019-01-07,Potatoes,5,2.3,11.5
279,70,2019-01-07,Tomatoes,5,5,25
279,70,2019-01-07,Pasta,5,3,15
280,4,2019-01-08,Pasta,3,3,9
280,4,2019-01-08,Carrots,3,2.7,8.100000000000001
280,4,2019-01-08,Ice Cream,3,5,15
281,26,2019-01-08,Potatoes,4,2.3,9.2
281,26,2019-01-08,Orange Juice,4,3.5,14.0
281,26,2019-01-08,Ice Cubes,4,1,4
282,42,2019-01-08,Ice Cream,3,5,15
282,42,2019-01-08,Pasta,3,3,9
283,11,2019-01-08,Carrots,2,2.7,5.4
283,11,2019-01-08,Orange Juice,2,3.5,7.0
283,11,2019-01-08,Tomatoes,2,5,10
284,53,2019-01-08,Ice Cubes,3,1,3
285,59,2019-01-08,Milk,1,1.5,1.5
286,94,2019-01-08,Lettuce,5,2,10
286,94,2019-01-08,Ice Cubes,5,1,5
286,94,2019-01-08,Milk,5,1.5,7.5
286,94,2019-01-08,Tomatoes,5,5,25
287,68,2019-01-08,Ice Cubes,3,1,3
287,68,2019-01-08,Ice Cream,3,5,15
287,68,2019-01-08,Tomatoes,3,5,15
287,68,2019-01-08,Bread,3,2,6
287,68,2019-01-08,Pasta,3,3,9
288,53,2019-01-08,Lettuce,3,2,6
288,53,2019-01-08,Tomatoes,3,5,15
289,76,2019-01-08,Carrots,4,2.7,10.8
289,76,2019-01-08,Potatoes,4,2.3,9.2
289,76,2019-01-08,Lettuce,4,2,8
289,76,2019-01-08,Pasta,4,3,12
290,75,2019-01-09,Ice Cubes,1,1,1
290,75,2019-01-09,Potatoes,1,2.3,2.3
290,75,2019-01-09,Cheese,1,2.5,2.5
291,30,2019-01-09,Lettuce,3,2,6
292,46,2019-01-09,Bread,1,2,2
293,6,2019-01-09,Milk,2,1.5,3.0
293,6,2019-01-09,Ice Cream,2,5,10
294,6,2019-01-09,Ice Cream,3,5,15
294,6,2019-01-09,Bread,3,2,6
295,70,2019-01-09,Orange Juice,1,3.5,3.5
295,70,2019-01-09,Lettuce,1,2,2
295,70,2019-01-09,Carrots,1,2.7,2.7
295,70,2019-01-09,Ice Cubes,1,1,1
295,70,2019-01-09,Bread,1,2,2
296,20,2019-01-09,Carrots,2,2.7,5.4
296,20,2019-01-09,Potatoes,2,2.3,4.6
296,20,2019-01-09,Tomatoes,2,5,10
296,20,2019-01-09,Pasta,2,3,6
297,41,2019-01-09,Ice Cream,2,5,10
297,41,2019-01-09,Bread,2,2,4
298,81,2019-01-09,Potatoes,3,2.3,6.8999999999999995
298,81,2019-01-09,Tomatoes,3,5,15
298,81,2019-01-09,Milk,3,1.5,4.5
299,75,2019-01-09,Ice Cubes,2,1,2
299,75,2019-01-09,Orange Juice,2,3.5,7.0
299,75,2019-01-09,Carrots,2,2.7,5.4
300,100,2019-01-09,Potatoes,1,2.3,2.3
300,100,2019-01-09,Pasta,1,3,3
300,100,2019-01-09,Lettuce,1,2,2
300,100,2019-01-09,Bread,1,2,2
301,78,2019-01-09,Pasta,1,3,3
301,78,2019-01-09,Potatoes,1,2.3,2.3
301,78,2019-01-09,Ice Cubes,1,1,1
301,78,2019-01-09,Cheese,1,2.5,2.5
301,78,2019-01-09,Lettuce,1,2,2
302,16,2019-01-09,Ice Cubes,5,1,5
302,16,2019-01-09,Pasta,5,3,15
302,16,2019-01-09,Carrots,5,2.7,13.5
302,16,2019-01-09,Orange Juice,5,3.5,17.5
303,60,2019-01-09,Pasta,2,3,6
303,60,2019-01-09,Ice Cream,2,5,10
304,82,2019-01-09,Tomatoes,4,5,20
304,82,2019-01-09,Orange Juice,4,3.5,14.0
305,17,2019-01-09,Potatoes,1,2.3,2.3
305,17,2019-01-09,Bread,1,2,2
305,17,2019-01-09,Ice Cubes,1,1,1
305,17,2019-01-09,Ice Cream,1,5,5
306,61,2019-01-09,Milk,4,1.5,6.0
306,61,2019-01-09,Ice Cream,4,5,20
306,61,2019-01-09,Cheese,4,2.5,10.0
306,61,2019-01-09,Pasta,4,3,12
307,1,2019-01-09,Lettuce,4,2,8
307,1,2019-01-09,Ice Cubes,4,1,4
307,1,2019-01-09,Milk,4,1.5,6.0
308,20,2019-01-09,Tomatoes,4,5,20
308,20,2019-01-09,Ice Cream,4,5,20
308,20,2019-01-09,Lettuce,4,2,8
309,51,2019-01-09,Ice Cubes,5,1,5
309,51,2019-01-09,Pasta,5,3,15
309,51,2019-01-09,Cheese,5,2.5,12.5
309,51,2019-01-09,Milk,5,1.5,7.5
309,51,2019-01-09,Potatoes,5,2.3,11.5
310,69,2019-01-09,Bread,3,2,6
310,69,2019-01-09,Potatoes,3,2.3,6.8999999999999995
310,69,2019-01-09,Pasta,3,3,9
310,69,2019-01-09,Lettuce,3,2,6
310,69,2019-01-09,Orange Juice,3,3.5,10.5
311,20,2019-01-09,Ice Cubes,1,1,1
311,20,2019-01-09,Orange Juice,1,3.5,3.5
311,20,2019-01-09,Pasta,1,3,3
311,20,2019-01-09,Cheese,1,2.5,2.5
312,100,2019-01-09,Carrots,5,2.7,13.5
312,100,2019-01-09,Tomatoes,5,5,25
313,18,2019-01-09,Potatoes,4,2.3,9.2
313,18,2019-01-09,Tomatoes,4,5,20
313,18,2019-01-09,Ice Cream,4,5,20
313,18,2019-01-09,Milk,4,1.5,6.0
313,18,2019-01-09,Bread,4,2,8
314,17,2019-01-09,Tomatoes,5,5,25
314,17,2019-01-09,Cheese,5,2.5,12.5
314,17,2019-01-09,Bread,5,2,10
314,17,2019-01-09,Pasta,5,3,15
314,17,2019-01-09,Carrots,5,2.7,13.5
315,81,2019-01-09,Bread,5,2,10
315,81,2019-01-09,Orange Juice,5,3.5,17.5
315,81,2019-01-09,Ice Cubes,5,1,5
316,12,2019-01-09,Bread,2,2,4
317,78,2019-01-09,Lettuce,5,2,10
317,78,2019-01-09,Tomatoes,5,5,25
318,89,2019-01-09,Pasta,3,3,9
318,89,2019-01-09,Cheese,3,2.5,7.5
319,19,2019-01-09,Carrots,5,2.7,13.5
319,19,2019-01-09,Potatoes,5,2.3,11.5
320,35,2019-01-09,Ice Cubes,4,1,4
320,35,2019-01-09,Orange Juice,4,3.5,14.0
320,35,2019-01-09,Pasta,4,3,12
320,35,2019-01-09,Potatoes,4,2.3,9.2
320,35,2019-01-09,Bread,4,2,8
321,5,2019-01-10,Lettuce,4,2,8
321,5,2019-01-10,Ice Cream,4,5,20
321,5,2019-01-10,Potatoes,4,2.3,9.2
321,5,2019-01-10,Tomatoes,4,5,20
321,5,2019-01-10,Bread,4,2,8
322,21,2019-01-10,Cheese,5,2.5,12.5
323,12,2019-01-10,Pasta,3,3,9
324,3,2019-01-10,Ice Cream,1,5,5
324,3,2019-01-10,Tomatoes,1,5,5
324,3,2019-01-10,Cheese,1,2.5,2.5
324,3,2019-01-10,Lettuce,1,2,2
325,77,2019-01-10,Milk,1,1.5,1.5
325,77,2019-01-10,Potatoes,1,2.3,2.3
325,77,2019-01-10,Ice Cubes,1,1,1
326,19,2019-01-10,Ice Cubes,5,1,5
326,19,2019-01-10,Orange Juice,5,3.5,17.5
326,19,2019-01-10,Milk,5,1.5,7.5
326,19,2019-01-10,Tomatoes,5,5,25
326,19,2019-01-10,Ice Cream,5,5,25
327,94,2019-01-10,Lettuce,3,2,6
327,94,2019-01-10,Pasta,3,3,9
328,61,2019-01-10,Pasta,3,3,9
328,61,2019-01-10,Carrots,3,2.7,8.100000000000001
328,61,2019-01-10,Ice Cream,3,5,15
329,77,2019-01-10,Carrots,1,2.7,2.7
329,77,2019-01-10,Ice Cubes,1,1,1
329,77,2019-01-10,Bread,1,2,2
329,77,2019-01-10,Tomatoes,1,5,5
330,39,2019-01-10,Ice Cubes,2,1,2
330,39,2019-01-10,Potatoes,2,2.3,4.6
331,48,2019-01-10,Potatoes,2,2.3,4.6
331,48,2019-01-10,Cheese,2,2.5,5.0
332,88,2019-01-10,Carrots,1,2.7,2.7
332,88,2019-01-10,Ice Cubes,1,1,1
333,67,2019-01-10,Bread,4,2,8
333,67,2019-01-10,Cheese,4,2.5,10.0
333,67,2019-01-10,Potatoes,4,2.3,9.2
333,67,2019-01-10,Orange Juice,4,3.5,14.0
333,67,2019-01-10,Pasta,4,3,12
334,55,2019-01-10,Tomatoes,2,5,10
335,80,2019-01-10,Tomatoes,1,5,5
336,61,2019-01-10,Ice Cream,5,5,25
336,61,2019-01-10,Tomatoes,5,5,25
336,61,2019-01-10,Ice Cubes,5,1,5
336,61,2019-01-10,Bread,5,2,10
337,39,2019-01-10,Carrots,4,2.7,10.8
337,39,2019-01-10,Ice Cubes,4,1,4
337,39,2019-01-10,Pasta,4,3,12
337,39,2019-01-10,Cheese,4,2.5,10.0
337,39,2019-01-10,Orange Juice,4,3.5,14.0
338,72,2019-01-10,Carrots,5,2.7,13.5
338,72,2019-01-10,Bread,5,2,10
338,72,2019-01-10,Milk,5,1.5,7.5
338,72,2019-01-10,Tomatoes,5,5,25
338,72,2019-01-10,Cheese,5,2.5,12.5
339,18,2019-01-10,Lettuce,3,2,6
339,18,2019-01-10,Carrots,3,2.7,8.100000000000001
340,54,2019-01-10,Lettuce,2,2,4
340,54,2019-01-10,Pasta,2,3,6
340,54,2019-01-10,Milk,2,1.5,3.0
340,54,2019-01-10,Bread,2,2,4
340,54,2019-01-10,Cheese,2,2.5,5.0
341,6,2019-01-10,Orange Juice,2,3.5,7.0
341,6,2019-01-10,Lettuce,2,2,4
341,6,2019-01-10,Bread,2,2,4
341,6,2019-01-10,Ice Cubes,2,1,2
341,6,2019-01-10,Pasta,2,3,6
342,66,2019-01-10,Potatoes,4,2.3,9.2
342,66,2019-01-10,Tomatoes,4,5,20
342,66,2019-01-10,Ice Cream,4,5,20
343,29,2019-01-10,Milk,3,1.5,4.5
344,38,2019-01-10,Tomatoes,3,5,15
344,38,2019-01-10,Ice Cream,3,5,15
344,38,2019-01-10,Bread,3,2,6
345,88,2019-01-10,Pasta,2,3,6
345,88,2019-01-10,Carrots,2,2.7,5.4
345,88,2019-01-10,Potatoes,2,2.3,4.6
345,88,2019-01-10,Ice Cream,2,5,10
345,88,2019-01-10,Ice Cubes,2,1,2
346,33,2019-01-10,Lettuce,1,2,2
346,33,2019-01-10,Ice Cubes,1,1,1
346,33,2019-01-10,Carrots,1,2.7,2.7
347,53,2019-01-10,Cheese,5,2.5,12.5
347,53,2019-01-10,Bread,5,2,10
348,2,2019-01-10,Lettuce,2,2,4
348,2,2019-01-10,Bread,2,2,4
349,8,2019-01-10,Lettuce,4,2,8
349,8,2019-01-10,Potatoes,4,2.3,9.2
349,8,2019-01-10,Milk,4,1.5,6.0
349,8,2019-01-10,Ice Cubes,4,1,4
349,8,2019-01-10,Orange Juice,4,3.5,14.0
350,98,2019-01-10,Ice Cubes,1,1,1
350,98,2019-01-10,Carrots,1,2.7,2.7
350,98,2019-01-10,Ice Cream,1,5,5
350,98,2019-01-10,Cheese,1,2.5,2.5
351,11,2019-01-10,Lettuce,2,2,4
351,11,2019-01-10,Orange Juice,2,3.5,7.0
352,84,2019-01-10,Tomatoes,5,5,25
352,84,2019-01-10,Ice Cream,5,5,25
353,63,2019-01-11,Lettuce,5,2,10
353,63,2019-01-11,Ice Cubes,5,1,5
353,63,2019-01-11,Tomatoes,5,5,25
354,7,2019-01-11,Ice Cubes,1,1,1
354,7,2019-01-11,Ice Cream,1,5,5
355,30,2019-01-11,Bread,2,2,4
355,30,2019-01-11,Milk,2,1.5,3.0
355,30,2019-01-11,Lettuce,2,2,4
355,30,2019-01-11,Ice Cubes,2,1,2
355,30,2019-01-11,Potatoes,2,2.3,4.6
356,18,2019-01-11,Ice Cream,2,5,10
357,27,2019-01-11,Lettuce,4,2,8
357,27,2019-01-11,Cheese,4,2.5,10.0
357,27,2019-01-11,Tomatoes,4,5,20
358,90,2019-01-11,Orange Juice,2,3.5,7.0
358,90,2019-01-11,Ice Cubes,2,1,2
358,90,2019-01-11,Pasta,2,3,6
359,10,2019-01-11,Orange Juice,3,3.5,10.5
359,10,2019-01-11,Lettuce,3,2,6
360,19,2019-01-11,Pasta,4,3,12
360,19,2019-01-11,Lettuce,4,2,8
360,19,2019-01-11,Milk,4,1.5,6.0
361,8,2019-01-11,Lettuce,4,2,8
361,8,2019-01-11,Potatoes,4,2.3,9.2
361,8,2019-01-11,Carrots,4,2.7,10.8
361,8,2019-01-11,Orange Juice,4,3.5,14.0
361,8,2019-01-11,Ice Cream,4,5,20
362,77,2019-01-11,Pasta,1,3,3
362,77,2019-01-11,Ice Cubes,1,1,1
362,77,2019-01-11,Bread,1,2,2
362,77,2019-01-11,Potatoes,1,2.3,2.3
363,42,2019-01-11,Ice Cubes,5,1,5
363,42,2019-01-11,Ice Cream,5,5,25
363,42,2019-01-11,Cheese,5,2.5,12.5
363,42,2019-01-11,Tomatoes,5,5,25
364,55,2019-01-11,Cheese,4,2.5,10.0
364,55,2019-01-11,Orange Juice,4,3.5,14.0
364,55,2019-01-11,Milk,4,1.5,6.0
365,95,2019-01-11,Ice Cream,2,5,10
365,95,2019-01-11,Ice Cubes,2,1,2
366,82,2019-01-11,Potatoes,5,2.3,11.5
366,82,2019-01-11,Carrots,5,2.7,13.5
367,69,2019-01-11,Cheese,1,2.5,2.5
367,69,2019-01-11,Milk,1,1.5,1.5
367,69,2019-01-11,Pasta,1,3,3
367,69,2019-01-11,Carrots,1,2.7,2.7
367,69,2019-01-11,Bread,1,2,2
368,56,2019-01-11,Milk,2,1.5,3.0
369,75,2019-01-11,Ice Cubes,2,1,2
369,75,2019-01-11,Potatoes,2,2.3,4.6
370,70,2019-01-11,Carrots,5,2.7,13.5
370,70,2019-01-11,Tomatoes,5,5,25
370,70,2019-01-11,Potatoes,5,2.3,11.5
370,70,2019-01-11,Orange Juice,5,3.5,17.5
370,70,2019-01-11,Milk,5,1.5,7.5
371,14,2019-01-11,Orange Juice,2,3.5,7.0
371,14,2019-01-11,Tomatoes,2,5,10
371,14,2019-01-11,Pasta,2,3,6
371,14,2019-01-11,Bread,2,2,4
371,14,2019-01-11,Milk,2,1.5,3.0
372,10,2019-01-11,Bread,4,2,8
372,10,2019-01-11,Orange Juice,4,3.5,14.0
372,10,2019-01-11,Cheese,4,2.5,10.0
372,10,2019-01-11,Lettuce,4,2,8
372,10,2019-01-11,Potatoes,4,2.3,9.2
373,3,2019-01-12,Orange Juice,4,3.5,14.0
373,3,2019-01-12,Ice Cubes,4,1,4
374,55,2019-01-12,Ice Cubes,5,1,5
375,90,2019-01-12,Ice Cubes,5,1,5
375,90,2019-01-12,Cheese,5,2.5,12.5
376,62,2019-01-12,Milk,5,1.5,7.5
376,62,2019-01-12,Bread,5,2,10
376,62,2019-01-12,Lettuce,5,2,10
377,50,2019-01-12,Ice Cubes,1,1,1
377,50,2019-01-12,Potatoes,1,2.3,2.3
377,50,2019-01-12,Tomatoes,1,5,5
377,50,2019-01-12,Orange Juice,1,3.5,3.5
378,71,2019-01-12,Milk,4,1.5,6.0
378,71,2019-01-12,Ice Cream,4,5,20
379,76,2019-01-12,Cheese,2,2.5,5.0
380,26,2019-01-12,Ice Cream,4,5,20
380,26,2019-01-12,Milk,4,1.5,6.0
380,26,2019-01-12,Ice Cubes,4,1,4
380,26,2019-01-12,Pasta,4,3,12
381,51,2019-01-12,Ice Cubes,5,1,5
381,51,2019-01-12,Pasta,5,3,15
382,73,2019-01-12,Pasta,1,3,3
382,73,2019-01-12,Bread,1,2,2
382,73,2019-01-12,Milk,1,1.5,1.5
382,73,2019-01-12,Carrots,1,2.7,2.7
382,73,2019-01-12,Potatoes,1,2.3,2.3
383,13,2019-01-13,Cheese,4,2.5,10.0
383,13,2019-01-13,Ice Cream,4,5,20
383,13,2019-01-13,Tomatoes,4,5,20
384,78,2019-01-13,Tomatoes,1,5,5
384,78,2019-01-13,Potatoes,1,2.3,2.3
385,18,2019-01-13,Milk,2,1.5,3.0
385,18,2019-01-13,Pasta,2,3,6
385,18,2019-01-13,Potatoes,2,2.3,4.6
385,18,2019-01-13,Cheese,2,2.5,5.0
385,18,2019-01-13,Lettuce,2,2,4
386,10,2019-01-13,Pasta,5,3,15
387,93,2019-01-13,Tomatoes,2,5,10
387,93,2019-01-13,Potatoes,2,2.3,4.6
387,93,2019-01-13,Milk,2,1.5,3.0
388,9,2019-01-13,Ice Cream,4,5,20
388,9,2019-01-13,Pasta,4,3,12
388,9,2019-01-13,Ice Cubes,4,1,4
388,9,2019-01-13,Cheese,4,2.5,10.0
389,74,2019-01-13,Bread,3,2,6
389,74,2019-01-13,Ice Cream,3,5,15
389,74,2019-01-13,Pasta,3,3,9
390,72,2019-01-13,Cheese,5,2.5,12.5
390,72,2019-01-13,Potatoes,5,2.3,11.5
390,72,2019-01-13,Ice Cream,5,5,25
390,72,2019-01-13,Carrots,5,2.7,13.5
391,74,2019-01-13,Potatoes,2,2.3,4.6
392,26,2019-01-13,Potatoes,5,2.3,11.5
392,26,2019-01-13,Ice Cream,5,5,25
392,26,2019-01-13,Carrots,5,2.7,13.5
393,63,2019-01-13,Milk,4,1.5,6.0
393,63,2019-01-13,Ice Cream,4,5,20
394,59,2019-01-13,Orange Juice,2,3.5,7.0
394,59,2019-01-13,Cheese,2,2.5,5.0
394,59,2019-01-13,Bread,2,2,4
395,79,2019-01-13,Ice Cubes,3,1,3
395,79,2019-01-13,Lettuce,3,2,6
396,38,2019-01-13,Bread,1,2,2
396,38,2019-01-13,Carrots,1,2.7,2.7
396,38,2019-01-13,Lettuce,1,2,2
397,75,2019-01-13,Milk,3,1.5,4.5
397,75,2019-01-13,Potatoes,3,2.3,6.8999999999999995
397,75,2019-01-13,Orange Juice,3,3.5,10.5
397,75,2019-01-13,Carrots,3,2.7,8.100000000000001
397,75,2019-01-13,Cheese,3,2.5,7.5
398,31,2019-01-13,Ice Cream,5,5,25
399,42,2019-01-13,Orange Juice,3,3.5,10.5
400,9,2019-01-13,Cheese,4,2.5,10.0
400,9,2019-01-13,Lettuce,4,2,8
400,9,2019-01-13,Orange Juice,4,3.5,14.0
400,9,2019-01-13,Potatoes,4,2.3,9.2
401,85,2019-01-13,Carrots,3,2.7,8.100000000000001
401,85,2019-01-13,Pasta,3,3,9
402,50,2019-01-13,Carrots,3,2.7,8.100000000000001
402,50,2019-01-13,Ice Cubes,3,1,3
402,50,2019-01-13,Cheese,3,2.5,7.5
403,44,2019-01-13,Milk,4,1.5,6.0
403,44,2019-01-13,Potatoes,4,2.3,9.2
403,44,2019-01-13,Ice Cubes,4,1,4
403,44,2019-01-13,Ice Cream,4,5,20
404,15,2019-01-13,Ice Cream,1,5,5
404,15,2019-01-13,Bread,1,2,2
404,15,2019-01-13,Ice Cubes,1,1,1
404,15,2019-01-13,Carrots,1,2.7,2.7
404,15,2019-01-13,Tomatoes,1,5,5
405,10,2019-01-13,Carrots,2,2.7,5.4
405,10,2019-01-13,Milk,2,1.5,3.0
406,8,2019-01-13,Pasta,3,3,9
406,8,2019-01-13,Ice Cream,3,5,15
406,8,2019-01-13,Potatoes,3,2.3,6.8999999999999995
406,8,2019-01-13,Ice Cubes,3,1,3
407,35,2019-01-13,Lettuce,3,2,6
408,31,2019-01-13,Tomatoes,4,5,20
409,16,2019-01-13,Orange Juice,2,3.5,7.0
409,16,2019-01-13,Cheese,2,2.5,5.0
409,16,2019-01-13,Ice Cream,2,5,10
410,51,2019-01-13,Tomatoes,4,5,20
410,51,2019-01-13,Cheese,4,2.5,10.0
411,55,2019-01-13,Bread,5,2,10
412,62,2019-01-13,Orange Juice,2,3.5,7.0
412,62,2019-01-13,Cheese,2,2.5,5.0
412,62,2019-01-13,Ice Cream,2,5,10
412,62,2019-01-13,Milk,2,1.5,3.0
413,25,2019-01-13,Pasta,4,3,12
413,25,2019-01-13,Tomatoes,4,5,20
414,93,2019-01-13,Pasta,1,3,3
414,93,2019-01-13,Cheese,1,2.5,2.5
414,93,2019-01-13,Lettuce,1,2,2
414,93,2019-01-13,Ice Cream,1,5,5
415,21,2019-01-13,Orange Juice,2,3.5,7.0
415,21,2019-01-13,Ice Cubes,2,1,2
416,77,2019-01-13,Carrots,2,2.7,5.4
416,77,2019-01-13,Tomatoes,2,5,10
416,77,2019-01-13,Orange Juice,2,3.5,7.0
417,31,2019-01-13,Carrots,4,2.7,10.8
417,31,2019-01-13,Ice Cubes,4,1,4
417,31,2019-01-13,Cheese,4,2.5,10.0
418,77,2019-01-13,Carrots,5,2.7,13.5
418,77,2019-01-13,Orange Juice,5,3.5,17.5
419,99,2019-01-13,Carrots,4,2.7,10.8
419,99,2019-01-13,Potatoes,4,2.3,9.2
419,99,2019-01-13,Tomatoes,4,5,20
419,99,2019-01-13,Milk,4,1.5,6.0
420,76,2019-01-13,Tomatoes,2,5,10
420,76,2019-01-13,Carrots,2,2.7,5.4
420,76,2019-01-13,Potatoes,2,2.3,4.6
420,76,2019-01-13,Cheese,2,2.5,5.0
420,76,2019-01-13,Ice Cream,2,5,10
421,86,2019-01-13,Bread,5,2,10
421,86,2019-01-13,Potatoes,5,2.3,11.5
421,86,2019-01-13,Ice Cubes,5,1,5
421,86,2019-01-13,Cheese,5,2.5,12.5
421,86,2019-01-13,Carrots,5,2.7,13.5
422,61,2019-01-13,Pasta,1,3,3
422,61,2019-01-13,Potatoes,1,2.3,2.3
423,95,2019-01-13,Cheese,1,2.5,2.5
423,95,2019-01-13,Ice Cubes,1,1,1
424,101,2019-01-13,Ice Cream,2,5,10
425,77,2019-01-13,Ice Cream,1,5,5
425,77,2019-01-13,Lettuce,1,2,2
426,20,2019-01-13,Ice Cubes,3,1,3
427,87,2019-01-13,Orange Juice,5,3.5,17.5
428,23,2019-01-13,Ice Cream,2,5,10
428,23,2019-01-13,Milk,2,1.5,3.0
429,46,2019-01-13,Ice Cubes,4,1,4
430,30,2019-01-13,Ice Cubes,4,1,4
430,30,2019-01-13,Ice Cream,4,5,20
430,30,2019-01-13,Orange Juice,4,3.5,14.0
430,30,2019-01-13,Lettuce,4,2,8
431,61,2019-01-14,Carrots,2,2.7,5.4
431,61,2019-01-14,Cheese,2,2.5,5.0
431,61,2019-01-14,Potatoes,2,2.3,4.6
431,61,2019-01-14,Bread,2,2,4
432,18,2019-01-14,Cheese,1,2.5,2.5
432,18,2019-01-14,Orange Juice,1,3.5,3.5
432,18,2019-01-14,Carrots,1,2.7,2.7
432,18,2019-01-14,Milk,1,1.5,1.5
433,96,2019-01-14,Pasta,4,3,12
434,10,2019-01-14,Ice Cream,1,5,5
435,21,2019-01-14,Orange Juice,4,3.5,14.0
435,21,2019-01-14,Lettuce,4,2,8
435,21,2019-01-14,Potatoes,4,2.3,9.2
436,53,2019-01-15,Milk,1,1.5,1.5
436,53,2019-01-15,Tomatoes,1,5,5
437,80,2019-01-15,Pasta,3,3,9
437,80,2019-01-15,Ice Cubes,3,1,3
437,80,2019-01-15,Tomatoes,3,5,15
437,80,2019-01-15,Cheese,3,2.5,7.5
438,63,2019-01-15,Orange Juice,1,3.5,3.5
438,63,2019-01-15,Pasta,1,3,3
439,89,2019-01-15,Carrots,2,2.7,5.4
439,89,2019-01-15,Ice Cream,2,5,10
439,89,2019-01-15,Potatoes,2,2.3,4.6
439,89,2019-01-15,Ice Cubes,2,1,2
439,89,2019-01-15,Lettuce,2,2,4
440,73,2019-01-15,Tomatoes,3,5,15
440,73,2019-01-15,Cheese,3,2.5,7.5
440,73,2019-01-15,Bread,3,2,6
440,73,2019-01-15,Pasta,3,3,9
441,40,2019-01-15,Potatoes,5,2.3,11.5
441,40,2019-01-15,Ice Cubes,5,1,5
441,40,2019-01-15,Bread,5,2,10
442,65,2019-01-15,Potatoes,2,2.3,4.6
442,65,2019-01-15,Ice Cream,2,5,10
442,65,2019-01-15,Cheese,2,2.5,5.0
442,65,2019-01-15,Lettuce,2,2,4
442,65,2019-01-15,Tomatoes,2,5,10
443,87,2019-01-15,Orange Juice,1,3.5,3.5
443,87,2019-01-15,Potatoes,1,2.3,2.3
444,40,2019-01-15,Carrots,3,2.7,8.100000000000001
444,40,2019-01-15,Ice Cubes,3,1,3
445,18,2019-01-16,Ice Cream,3,5,15
445,18,2019-01-16,Orange Juice,3,3.5,10.5
446,74,2019-01-16,Bread,1,2,2
446,74,2019-01-16,Ice Cubes,1,1,1
447,101,2019-01-16,Ice Cream,2,5,10
447,101,2019-01-16,Lettuce,2,2,4
447,101,2019-01-16,Pasta,2,3,6
448,19,2019-01-16,Bread,1,2,2
449,60,2019-01-16,Carrots,2,2.7,5.4
449,60,2019-01-16,Orange Juice,2,3.5,7.0
449,60,2019-01-16,Milk,2,1.5,3.0
449,60,2019-01-16,Bread,2,2,4
449,60,2019-01-16,Potatoes,2,2.3,4.6
450,38,2019-01-16,Pasta,5,3,15
451,68,2019-01-16,Tomatoes,1,5,5
451,68,2019-01-16,Cheese,1,2.5,2.5
451,68,2019-01-16,Ice Cream,1,5,5
452,15,2019-01-17,Bread,2,2,4
453,24,2019-01-17,Bread,5,2,10
453,24,2019-01-17,Tomatoes,5,5,25
454,76,2019-01-17,Potatoes,4,2.3,9.2
454,76,2019-01-17,Bread,4,2,8
455,22,2019-01-17,Potatoes,5,2.3,11.5
455,22,2019-01-17,Lettuce,5,2,10
456,94,2019-01-17,Pasta,5,3,15
456,94,2019-01-17,Bread,5,2,10
456,94,2019-01-17,Lettuce,5,2,10
457,42,2019-01-17,Ice Cubes,2,1,2
457,42,2019-01-17,Milk,2,1.5,3.0
458,98,2019-01-17,Cheese,1,2.5,2.5
458,98,2019-01-17,Potatoes,1,2.3,2.3
458,98,2019-01-17,Bread,1,2,2
458,98,2019-01-17,Ice Cream,1,5,5
458,98,2019-01-17,Carrots,1,2.7,2.7
459,31,2019-01-17,Ice Cream,3,5,15
459,31,2019-01-17,Bread,3,2,6
459,31,2019-01-17,Lettuce,3,2,6
459,31,2019-01-17,Cheese,3,2.5,7.5
460,2,2019-01-17,Lettuce,2,2,4
460,2,2019-01-17,Ice Cream,2,5,10
461,21,2019-01-17,Ice Cubes,3,1,3
461,21,2019-01-17,Ice Cream,3,5,15
462,33,2019-01-17,Ice Cubes,1,1,1
462,33,2019-01-17,Tomatoes,1,5,5
462,33,2019-01-17,Bread,1,2,2
462,33,2019-01-17,Lettuce,1,2,2
462,33,2019-01-17,Orange Juice,1,3.5,3.5
463,89,2019-01-17,Tomatoes,4,5,20
463,89,2019-01-17,Potatoes,4,2.3,9.2
463,89,2019-01-17,Milk,4,1.5,6.0
463,89,2019-01-17,Carrots,4,2.7,10.8
464,70,2019-01-17,Potatoes,4,2.3,9.2
464,70,2019-01-17,Lettuce,4,2,8
464,70,2019-01-17,Ice Cubes,4,1,4
464,70,2019-01-17,Tomatoes,4,5,20
465,54,2019-01-17,Ice Cubes,3,1,3
465,54,2019-01-17,Milk,3,1.5,4.5
465,54,2019-01-17,Orange Juice,3,3.5,10.5
465,54,2019-01-17,Cheese,3,2.5,7.5
465,54,2019-01-17,Ice Cream,3,5,15
466,16,2019-01-17,Tomatoes,1,5,5
467,93,2019-01-17,Ice Cream,1,5,5
467,93,2019-01-17,Bread,1,2,2
467,93,2019-01-17,Carrots,1,2.7,2.7
468,86,2019-01-17,Ice Cubes,4,1,4
468,86,2019-01-17,Milk,4,1.5,6.0
468,86,2019-01-17,Pasta,4,3,12
468,86,2019-01-17,Potatoes,4,2.3,9.2
469,53,2019-01-17,Pasta,5,3,15
469,53,2019-01-17,Lettuce,5,2,10
469,53,2019-01-17,Milk,5,1.5,7.5
470,15,2019-01-17,Potatoes,1,2.3,2.3
471,99,2019-01-17,Pasta,2,3,6
471,99,2019-01-17,Orange Juice,2,3.5,7.0
471,99,2019-01-17,Ice Cubes,2,1,2
471,99,2019-01-17,Milk,2,1.5,3.0
471,99,2019-01-17,Carrots,2,2.7,5.4
472,71,2019-01-17,Lettuce,3,2,6
472,71,2019-01-17,Milk,3,1.5,4.5
473,47,2019-01-17,Pasta,3,3,9
473,47,2019-01-17,Potatoes,3,2.3,6.8999999999999995
473,47,2019-01-17,Ice Cream,3,5,15
474,88,2019-01-17,Ice Cream,2,5,10
474,88,2019-01-17,Orange Juice,2,3.5,7.0
475,87,2019-01-17,Cheese,2,2.5,5.0
476,35,2019-01-17,Ice Cubes,2,1,2
476,35,2019-01-17,Carrots,2,2.7,5.4
476,35,2019-01-17,Bread,2,2,4
477,66,2019-01-17,Tomatoes,4,5,20
477,66,2019-01-17,Bread,4,2,8
477,66,2019-01-17,Pasta,4,3,12
477,66,2019-01-17,Lettuce,4,2,8
477,66,2019-01-17,Cheese,4,2.5,10.0
478,90,2019-01-17,Orange Juice,4,3.5,14.0
478,90,2019-01-17,Lettuce,4,2,8
478,90,2019-01-17,Bread,4,2,8
478,90,2019-01-17,Potatoes,4,2.3,9.2
479,19,2019-01-17,Milk,5,1.5,7.5
479,19,2019-01-17,Bread,5,2,10
479,19,2019-01-17,Ice Cream,5,5,25
479,19,2019-01-17,Orange Juice,5,3.5,17.5
479,19,2019-01-17,Tomatoes,5,5,25
480,10,2019-01-17,Ice Cubes,1,1,1
480,10,2019-01-17,Lettuce,1,2,2
480,10,2019-01-17,Cheese,1,2.5,2.5
481,66,2019-01-17,Orange Juice,2,3.5,7.0
481,66,2019-01-17,Potatoes,2,2.3,4.6
481,66,2019-01-17,Ice Cubes,2,1,2
481,66,2019-01-17,Cheese,2,2.5,5.0
482,3,2019-01-17,Orange Juice,3,3.5,10.5
483,91,2019-01-17,Orange Juice,1,3.5,3.5
483,91,2019-01-17,Bread,1,2,2
483,91,2019-01-17,Potatoes,1,2.3,2.3
483,91,2019-01-17,Cheese,1,2.5,2.5
484,54,2019-01-17,Carrots,5,2.7,13.5
484,54,2019-01-17,Ice Cubes,5,1,5
484,54,2019-01-17,Lettuce,5,2,10
484,54,2019-01-17,Milk,5,1.5,7.5
485,27,2019-01-17,Ice Cubes,1,1,1
485,27,2019-01-17,Ice Cream,1,5,5
485,27,2019-01-17,Milk,1,1.5,1.5
486,9,2019-01-17,Lettuce,4,2,8
487,19,2019-01-17,Lettuce,2,2,4
487,19,2019-01-17,Cheese,2,2.5,5.0
487,19,2019-01-17,Milk,2,1.5,3.0
487,19,2019-01-17,Carrots,2,2.7,5.4
488,15,2019-01-17,Milk,3,1.5,4.5
489,61,2019-01-17,Pasta,5,3,15
489,61,2019-01-17,Milk,5,1.5,7.5
490,26,2019-01-17,Pasta,3,3,9
490,26,2019-01-17,Tomatoes,3,5,15
490,26,2019-01-17,Milk,3,1.5,4.5
491,93,2019-01-17,Ice Cream,5,5,25
491,93,2019-01-17,Lettuce,5,2,10
492,41,2019-01-17,Tomatoes,1,5,5
492,41,2019-01-17,Milk,1,1.5,1.5
493,56,2019-01-17,Potatoes,3,2.3,6.8999999999999995
493,56,2019-01-17,Ice Cubes,3,1,3
493,56,2019-01-17,Pasta,3,3,9
493,56,2019-01-17,Orange Juice,3,3.5,10.5
494,65,2019-01-17,Potatoes,4,2.3,9.2
494,65,2019-01-17,Ice Cream,4,5,20
494,65,2019-01-17,Cheese,4,2.5,10.0
495,19,2019-01-18,Ice Cubes,4,1,4
496,31,2019-01-18,Milk,2,1.5,3.0
497,2,2019-01-18,Lettuce,1,2,2
497,2,2019-01-18,Bread,1,2,2
497,2,2019-01-18,Carrots,1,2.7,2.7
497,2,2019-01-18,Milk,1,1.5,1.5
498,21,2019-01-18,Orange Juice,2,3.5,7.0
498,21,2019-01-18,Carrots,2,2.7,5.4
498,21,2019-01-18,Ice Cream,2,5,10
498,21,2019-01-18,Cheese,2,2.5,5.0
498,21,2019-01-18,Bread,2,2,4
499,78,2019-01-18,Orange Juice,2,3.5,7.0
499,78,2019-01-18,Carrots,2,2.7,5.4
500,27,2019-01-18,Tomatoes,4,5,20
500,27,2019-01-18,Ice Cream,4,5,20
501,17,2019-01-18,Orange Juice,1,3.5,3.5
501,17,2019-01-18,Ice Cubes,1,1,1
501,17,2019-01-18,Cheese,1,2.5,2.5
501,17,2019-01-18,Milk,1,1.5,1.5
501,17,2019-01-18,Tomatoes,1,5,5
502,34,2019-01-18,Bread,5,2,10
502,34,2019-01-18,Ice Cubes,5,1,5
503,18,2019-01-18,Bread,3,2,6
503,18,2019-01-18,Milk,3,1.5,4.5
503,18,2019-01-18,Pasta,3,3,9
503,18,2019-01-18,Carrots,3,2.7,8.100000000000001
504,40,2019-01-18,Bread,3,2,6
504,40,2019-01-18,Ice Cubes,3,1,3
504,40,2019-01-18,Cheese,3,2.5,7.5
504,40,2019-01-18,Pasta,3,3,9
505,93,2019-01-18,Orange Juice,3,3.5,10.5
505,93,2019-01-18,Carrots,3,2.7,8.100000000000001
505,93,2019-01-18,Pasta,3,3,9
505,93,2019-01-18,Potatoes,3,2.3,6.8999999999999995
506,101,2019-01-18,Milk,2,1.5,3.0
506,101,2019-01-18,Ice Cubes,2,1,2
507,38,2019-01-18,Lettuce,3,2,6
507,38,2019-01-18,Ice Cubes,3,1,3
507,38,2019-01-18,Tomatoes,3,5,15
507,38,2019-01-18,Pasta,3,3,9
508,84,2019-01-18,Bread,5,2,10
508,84,2019-01-18,Tomatoes,5,5,25
509,86,2019-01-18,Ice Cubes,2,1,2
509,86,2019-01-18,Pasta,2,3,6
509,86,2019-01-18,Milk,2,1.5,3.0
509,86,2019-01-18,Tomatoes,2,5,10
510,76,2019-01-18,Ice Cream,2,5,10
510,76,2019-01-18,Potatoes,2,2.3,4.6
510,76,2019-01-18,Carrots,2,2.7,5.4
510,76,2019-01-18,Bread,2,2,4
510,76,2019-01-18,Milk,2,1.5,3.0
511,29,2019-01-18,Bread,4,2,8
511,29,2019-01-18,Cheese,4,2.5,10.0
511,29,2019-01-18,Ice Cubes,4,1,4
511,29,2019-01-18,Potatoes,4,2.3,9.2
512,23,2019-01-18,Lettuce,5,2,10
513,41,2019-01-18,Milk,2,1.5,3.0
513,41,2019-01-18,Potatoes,2,2.3,4.6
513,41,2019-01-18,Ice Cubes,2,1,2
513,41,2019-01-18,Carrots,2,2.7,5.4
514,50,2019-01-18,Potatoes,3,2.3,6.8999999999999995
514,50,2019-01-18,Carrots,3,2.7,8.100000000000001
515,30,2019-01-18,Ice Cream,3,5,15
515,30,2019-01-18,Bread,3,2,6
515,30,2019-01-18,Ice Cubes,3,1,3
516,17,2019-01-18,Orange Juice,4,3.5,14.0
516,17,2019-01-18,Ice Cubes,4,1,4
517,74,2019-01-18,Bread,5,2,10
518,42,2019-01-18,Lettuce,5,2,10
518,42,2019-01-18,Bread,5,2,10
518,42,2019-01-18,Potatoes,5,2.3,11.5
519,44,2019-01-18,Tomatoes,1,5,5
520,25,2019-01-18,Tomatoes,5,5,25
520,25,2019-01-18,Carrots,5,2.7,13.5
520,25,2019-01-18,Ice Cream,5,5,25
521,59,2019-01-18,Tomatoes,4,5,20
521,59,2019-01-18,Orange Juice,4,3.5,14.0
521,59,2019-01-18,Carrots,4,2.7,10.8
521,59,2019-01-18,Bread,4,2,8
521,59,2019-01-18,Lettuce,4,2,8
522,7,2019-01-18,Lettuce,2,2,4
522,7,2019-01-18,Bread,2,2,4
522,7,2019-01-18,Tomatoes,2,5,10
522,7,2019-01-18,Potatoes,2,2.3,4.6
523,78,2019-01-18,Lettuce,2,2,4
523,78,2019-01-18,Bread,2,2,4
523,78,2019-01-18,Cheese,2,2.5,5.0
524,86,2019-01-18,Bread,3,2,6
524,86,2019-01-18,Cheese,3,2.5,7.5
525,75,2019-01-18,Pasta,4,3,12
525,75,2019-01-18,Milk,4,1.5,6.0
525,75,2019-01-18,Potatoes,4,2.3,9.2
525,75,2019-01-18,Bread,4,2,8
526,93,2019-01-18,Tomatoes,2,5,10
526,93,2019-01-18,Ice Cubes,2,1,2
526,93,2019-01-18,Cheese,2,2.5,5.0
526,93,2019-01-18,Pasta,2,3,6
527,44,2019-01-18,Bread,2,2,4
527,44,2019-01-18,Ice Cubes,2,1,2
527,44,2019-01-18,Ice Cream,2,5,10
528,74,2019-01-18,Bread,1,2,2
528,74,2019-01-18,Orange Juice,1,3.5,3.5
529,76,2019-01-18,Cheese,4,2.5,10.0
529,76,2019-01-18,Lettuce,4,2,8
530,46,2019-01-18,Carrots,4,2.7,10.8
530,46,2019-01-18,Ice Cream,4,5,20
530,46,2019-01-18,Bread,4,2,8
530,46,2019-01-18,Ice Cubes,4,1,4
531,41,2019-01-18,Cheese,1,2.5,2.5
531,41,2019-01-18,Milk,1,1.5,1.5
531,41,2019-01-18,Lettuce,1,2,2
531,41,2019-01-18,Carrots,1,2.7,2.7
532,36,2019-01-18,Bread,1,2,2
532,36,2019-01-18,Pasta,1,3,3
532,36,2019-01-18,Orange Juice,1,3.5,3.5
532,36,2019-01-18,Potatoes,1,2.3,2.3
532,36,2019-01-18,Carrots,1,2.7,2.7
533,20,2019-01-19,Potatoes,3,2.3,6.8999999999999995
533,20,2019-01-19,Pasta,3,3,9
533,20,2019-01-19,Ice Cubes,3,1,3
533,20,2019-01-19,Ice Cream,3,5,15
533,20,2019-01-19,Lettuce,3,2,6
534,80,2019-01-19,Cheese,2,2.5,5.0
535,83,2019-01-19,Ice Cream,3,5,15
535,83,2019-01-19,Bread,3,2,6
535,83,2019-01-19,Cheese,3,2.5,7.5
536,8,2019-01-19,Ice Cream,5,5,25
537,46,2019-01-19,Potatoes,3,2.3,6.8999999999999995
537,46,2019-01-19,Orange Juice,3,3.5,10.5
537,46,2019-01-19,Ice Cubes,3,1,3
537,46,2019-01-19,Lettuce,3,2,6
537,46,2019-01-19,Pasta,3,3,9
538,90,2019-01-19,Cheese,5,2.5,12.5
538,90,2019-01-19,Lettuce,5,2,10
538,90,2019-01-19,Orange Juice,5,3.5,17.5
538,90,2019-01-19,Tomatoes,5,5,25
538,90,2019-01-19,Pasta,5,3,15
539,7,2019-01-19,Orange Juice,1,3.5,3.5
539,7,2019-01-19,Ice Cubes,1,1,1
539,7,2019-01-19,Milk,1,1.5,1.5
539,7,2019-01-19,Lettuce,1,2,2
540,32,2019-01-19,Carrots,1,2.7,2.7
541,82,2019-01-19,Cheese,1,2.5,2.5
541,82,2019-01-19,Ice Cubes,1,1,1
542,68,2019-01-19,Ice Cream,2,5,10
542,68,2019-01-19,Milk,2,1.5,3.0
542,68,2019-01-19,Potatoes,2,2.3,4.6
543,39,2019-01-19,Potatoes,5,2.3,11.5
543,39,2019-01-19,Tomatoes,5,5,25
543,39,2019-01-19,Orange Juice,5,3.5,17.5
544,68,2019-01-19,Potatoes,4,2.3,9.2
544,68,2019-01-19,Tomatoes,4,5,20
545,7,2019-01-19,Pasta,1,3,3
545,7,2019-01-19,Tomatoes,1,5,5
546,15,2019-01-19,Cheese,3,2.5,7.5
547,81,2019-01-19,Carrots,4,2.7,10.8
547,81,2019-01-19,Lettuce,4,2,8
547,81,2019-01-19,Ice Cubes,4,1,4
547,81,2019-01-19,Tomatoes,4,5,20
548,68,2019-01-19,Pasta,4,3,12
548,68,2019-01-19,Milk,4,1.5,6.0
548,68,2019-01-19,Ice Cream,4,5,20
549,55,2019-01-19,Bread,5,2,10
549,55,2019-01-19,Carrots,5,2.7,13.5
549,55,2019-01-19,Pasta,5,3,15
550,86,2019-01-19,Milk,5,1.5,7.5
550,86,2019-01-19,Ice Cream,5,5,25
551,83,2019-01-19,Ice Cream,3,5,15
551,83,2019-01-19,Carrots,3,2.7,8.100000000000001
551,83,2019-01-19,Milk,3,1.5,4.5
551,83,2019-01-19,Lettuce,3,2,6
551,83,2019-01-19,Tomatoes,3,5,15
552,33,2019-01-19,Carrots,1,2.7,2.7
552,33,2019-01-19,Lettuce,1,2,2
553,3,2019-01-19,Potatoes,1,2.3,2.3
554,66,2019-01-19,Pasta,2,3,6
554,66,2019-01-19,Bread,2,2,4
554,66,2019-01-19,Carrots,2,2.7,5.4
554,66,2019-01-19,Milk,2,1.5,3.0
554,66,2019-01-19,Orange Juice,2,3.5,7.0
555,84,2019-01-19,Lettuce,2,2,4
555,84,2019-01-19,Pasta,2,3,6
556,17,2019-01-19,Tomatoes,5,5,25
556,17,2019-01-19,Carrots,5,2.7,13.5
556,17,2019-01-19,Cheese,5,2.5,12.5
556,17,2019-01-19,Pasta,5,3,15
556,17,2019-01-19,Orange Juice,5,3.5,17.5
557,49,2019-01-19,Pasta,1,3,3
557,49,2019-01-19,Cheese,1,2.5,2.5
557,49,2019-01-19,Ice Cubes,1,1,1
558,9,2019-01-19,Tomatoes,5,5,25
559,84,2019-01-19,Orange Juice,5,3.5,17.5
560,26,2019-01-19,Potatoes,2,2.3,4.6
560,26,2019-01-19,Ice Cream,2,5,10
560,26,2019-01-19,Carrots,2,2.7,5.4
560,26,2019-01-19,Tomatoes,2,5,10
560,26,2019-01-19,Ice Cubes,2,1,2
561,83,2019-01-19,Ice Cream,5,5,25
561,83,2019-01-19,Milk,5,1.5,7.5
561,83,2019-01-19,Tomatoes,5,5,25
561,83,2019-01-19,Orange Juice,5,3.5,17.5
562,94,2019-01-19,Ice Cream,3,5,15
562,94,2019-01-19,Ice Cubes,3,1,3
562,94,2019-01-19,Lettuce,3,2,6
562,94,2019-01-19,Cheese,3,2.5,7.5
563,99,2019-01-19,Potatoes,2,2.3,4.6
563,99,2019-01-19,Ice Cream,2,5,10
563,99,2019-01-19,Milk,2,1.5,3.0
563,99,2019-01-19,Orange Juice,2,3.5,7.0
563,99,2019-01-19,Tomatoes,2,5,10
564,69,2019-01-19,Bread,4,2,8
565,49,2019-01-20,Potatoes,2,2.3,4.6
566,20,2019-01-20,Cheese,2,2.5,5.0
566,20,2019-01-20,Potatoes,2,2.3,4.6
567,63,2019-01-20,Pasta,2,3,6
567,63,2019-01-20,Orange Juice,2,3.5,7.0
567,63,2019-01-20,Ice Cubes,2,1,2
568,63,2019-01-20,Tomatoes,2,5,10
568,63,2019-01-20,Milk,2,1.5,3.0
568,63,2019-01-20,Carrots,2,2.7,5.4
569,27,2019-01-20,Ice Cream,3,5,15
569,27,2019-01-20,Orange Juice,3,3.5,10.5
569,27,2019-01-20,Tomatoes,3,5,15
569,27,2019-01-20,Potatoes,3,2.3,6.8999999999999995
569,27,2019-01-20,Bread,3,2,6
570,96,2019-01-20,Tomatoes,5,5,25
571,12,2019-01-20,Carrots,1,2.7,2.7
571,12,2019-01-20,Orange Juice,1,3.5,3.5
571,12,2019-01-20,Tomatoes,1,5,5
571,12,2019-01-20,Potatoes,1,2.3,2.3
571,12,2019-01-20,Ice Cubes,1,1,1
572,43,2019-01-20,Lettuce,4,2,8
572,43,2019-01-20,Milk,4,1.5,6.0
572,43,2019-01-20,Ice Cubes,4,1,4
573,61,2019-01-20,Tomatoes,3,5,15
574,29,2019-01-20,Ice Cubes,3,1,3
575,68,2019-01-20,Milk,2,1.5,3.0
575,68,2019-01-20,Potatoes,2,2.3,4.6
575,68,2019-01-20,Pasta,2,3,6
575,68,2019-01-20,Ice Cream,2,5,10
576,55,2019-01-20,Potatoes,4,2.3,9.2
576,55,2019-01-20,Ice Cubes,4,1,4
576,55,2019-01-20,Pasta,4,3,12
577,57,2019-01-20,Cheese,1,2.5,2.5
577,57,2019-01-20,Lettuce,1,2,2
578,57,2019-01-20,Milk,4,1.5,6.0
578,57,2019-01-20,Potatoes,4,2.3,9.2
578,57,2019-01-20,Cheese,4,2.5,10.0
578,57,2019-01-20,Pasta,4,3,12
578,57,2019-01-20,Tomatoes,4,5,20
579,14,2019-01-20,Orange Juice,4,3.5,14.0
580,53,2019-01-20,Milk,5,1.5,7.5
581,36,2019-01-20,Lettuce,4,2,8
581,36,2019-01-20,Orange Juice,4,3.5,14.0
582,58,2019-01-20,Ice Cream,3,5,15
582,58,2019-01-20,Lettuce,3,2,6
582,58,2019-01-20,Tomatoes,3,5,15
582,58,2019-01-20,Milk,3,1.5,4.5
582,58,2019-01-20,Pasta,3,3,9
583,42,2019-01-20,Bread,2,2,4
584,100,2019-01-20,Pasta,2,3,6
584,100,2019-01-20,Lettuce,2,2,4
584,100,2019-01-20,Ice Cream,2,5,10
584,100,2019-01-20,Cheese,2,2.5,5.0
585,55,2019-01-20,Potatoes,4,2.3,9.2
585,55,2019-01-20,Cheese,4,2.5,10.0
586,20,2019-01-20,Potatoes,3,2.3,6.8999999999999995
586,20,2019-01-20,Orange Juice,3,3.5,10.5
587,79,2019-01-20,Ice Cream,3,5,15
587,79,2019-01-20,Milk,3,1.5,4.5
587,79,2019-01-20,Carrots,3,2.7,8.100000000000001
587,79,2019-01-20,Ice Cubes,3,1,3
588,14,2019-01-20,Pasta,3,3,9
588,14,2019-01-20,Ice Cubes,3,1,3
588,14,2019-01-20,Orange Juice,3,3.5,10.5
588,14,2019-01-20,Tomatoes,3,5,15
589,74,2019-01-20,Bread,2,2,4
589,74,2019-01-20,Ice Cubes,2,1,2
589,74,2019-01-20,Ice Cream,2,5,10
589,74,2019-01-20,Potatoes,2,2.3,4.6
590,42,2019-01-20,Pasta,2,3,6
591,45,2019-01-20,Orange Juice,1,3.5,3.5
591,45,2019-01-20,Bread,1,2,2
591,45,2019-01-20,Carrots,1,2.7,2.7
591,45,2019-01-20,Pasta,1,3,3
592,33,2019-01-20,Ice Cream,4,5,20
592,33,2019-01-20,Cheese,4,2.5,10.0
592,33,2019-01-20,Tomatoes,4,5,20
592,33,2019-01-20,Lettuce,4,2,8
592,33,2019-01-20,Bread,4,2,8
593,75,2019-01-20,Ice Cubes,3,1,3
594,20,2019-01-20,Tomatoes,5,5,25
594,20,2019-01-20,Cheese,5,2.5,12.5
594,20,2019-01-20,Ice Cubes,5,1,5
594,20,2019-01-20,Carrots,5,2.7,13.5
595,80,2019-01-20,Orange Juice,2,3.5,7.0
596,6,2019-01-20,Pasta,2,3,6
597,78,2019-01-20,Ice Cream,1,5,5
598,92,2019-01-20,Ice Cubes,3,1,3
598,92,2019-01-20,Orange Juice,3,3.5,10.5
599,39,2019-01-20,Carrots,2,2.7,5.4
599,39,2019-01-20,Ice Cubes,2,1,2
600,65,2019-01-20,Milk,1,1.5,1.5
600,65,2019-01-20,Orange Juice,1,3.5,3.5
600,65,2019-01-20,Potatoes,1,2.3,2.3
600,65,2019-01-20,Pasta,1,3,3
601,31,2019-01-20,Bread,1,2,2
601,31,2019-01-20,Pasta,1,3,3
602,19,2019-01-20,Potatoes,4,2.3,9.2
602,19,2019-01-20,Ice Cubes,4,1,4
602,19,2019-01-20,Bread,4,2,8
602,19,2019-01-20,Cheese,4,2.5,10.0
602,19,2019-01-20,Pasta,4,3,12
603,78,2019-01-20,Lettuce,1,2,2
604,38,2019-01-20,Cheese,1,2.5,2.5
605,7,2019-01-20,Cheese,1,2.5,2.5
605,7,2019-01-20,Bread,1,2,2
605,7,2019-01-20,Ice Cubes,1,1,1
606,70,2019-01-20,Orange Juice,4,3.5,14.0
606,70,2019-01-20,Pasta,4,3,12
607,10,2019-01-20,Pasta,1,3,3
607,10,2019-01-20,Ice Cream,1,5,5
607,10,2019-01-20,Potatoes,1,2.3,2.3
607,10,2019-01-20,Ice Cubes,1,1,1
607,10,2019-01-20,Milk,1,1.5,1.5
608,22,2019-01-20,Pasta,3,3,9
609,85,2019-01-20,Pasta,2,3,6
609,85,2019-01-20,Orange Juice,2,3.5,7.0
610,95,2019-01-21,Ice Cream,5,5,25
610,95,2019-01-21,Bread,5,2,10
610,95,2019-01-21,Orange Juice,5,3.5,17.5
610,95,2019-01-21,Ice Cubes,5,1,5
611,12,2019-01-21,Orange Juice,3,3.5,10.5
611,12,2019-01-21,Pasta,3,3,9
611,12,2019-01-21,Bread,3,2,6
612,35,2019-01-21,Milk,3,1.5,4.5
613,66,2019-01-21,Lettuce,3,2,6
613,66,2019-01-21,Pasta,3,3,9
613,66,2019-01-21,Orange Juice,3,3.5,10.5
613,66,2019-01-21,Tomatoes,3,5,15
613,66,2019-01-21,Ice Cubes,3,1,3
614,93,2019-01-21,Cheese,4,2.5,10.0
615,100,2019-01-21,Pasta,4,3,12
615,100,2019-01-21,Bread,4,2,8
615,100,2019-01-21,Orange Juice,4,3.5,14.0
616,98,2019-01-21,Tomatoes,4,5,20
616,98,2019-01-21,Bread,4,2,8
617,47,2019-01-21,Ice Cubes,3,1,3
617,47,2019-01-21,Carrots,3,2.7,8.100000000000001
618,2,2019-01-21,Cheese,5,2.5,12.5
618,2,2019-01-21,Orange Juice,5,3.5,17.5
618,2,2019-01-21,Ice Cubes,5,1,5
619,47,2019-01-21,Ice Cream,5,5,25
620,44,2019-01-21,Bread,3,2,6
620,44,2019-01-21,Ice Cream,3,5,15
620,44,2019-01-21,Tomatoes,3,5,15
621,8,2019-01-21,Lettuce,5,2,10
621,8,2019-01-21,Milk,5,1.5,7.5
621,8,2019-01-21,Ice Cream,5,5,25
621,8,2019-01-21,Pasta,5,3,15
622,57,2019-01-21,Bread,4,2,8
622,57,2019-01-21,Potatoes,4,2.3,9.2
622,57,2019-01-21,Carrots,4,2.7,10.8
622,57,2019-01-21,Tomatoes,4,5,20
622,57,2019-01-21,Ice Cream,4,5,20
623,80,2019-01-21,Carrots,5,2.7,13.5
623,80,2019-01-21,Milk,5,1.5,7.5
623,80,2019-01-21,Cheese,5,2.5,12.5
624,49,2019-01-21,Orange Juice,5,3.5,17.5
624,49,2019-01-21,Ice Cubes,5,1,5
624,49,2019-01-21,Lettuce,5,2,10
624,49,2019-01-21,Tomatoes,5,5,25
625,35,2019-01-21,Tomatoes,3,5,15
625,35,2019-01-21,Carrots,3,2.7,8.100000000000001
625,35,2019-01-21,Potatoes,3,2.3,6.8999999999999995
626,98,2019-01-21,Tomatoes,1,5,5
626,98,2019-01-21,Pasta,1,3,3
626,98,2019-01-21,Milk,1,1.5,1.5
626,98,2019-01-21,Ice Cubes,1,1,1
626,98,2019-01-21,Lettuce,1,2,2
627,30,2019-01-21,Potatoes,2,2.3,4.6
627,30,2019-01-21,Ice Cream,2,5,10
627,30,2019-01-21,Cheese,2,2.5,5.0
628,87,2019-01-22,Bread,5,2,10
628,87,2019-01-22,Pasta,5,3,15
628,87,2019-01-22,Orange Juice,5,3.5,17.5
628,87,2019-01-22,Tomatoes,5,5,25
628,87,2019-01-22,Carrots,5,2.7,13.5
629,95,2019-01-22,Bread,1,2,2
629,95,2019-01-22,Carrots,1,2.7,2.7
630,19,2019-01-22,Carrots,2,2.7,5.4
630,19,2019-01-22,Orange Juice,2,3.5,7.0
630,19,2019-01-22,Cheese,2,2.5,5.0
631,3,2019-01-22,Ice Cubes,3,1,3
631,3,2019-01-22,Lettuce,3,2,6
631,3,2019-01-22,Carrots,3,2.7,8.100000000000001
632,4,2019-01-22,Lettuce,3,2,6
632,4,2019-01-22,Carrots,3,2.7,8.100000000000001
633,35,2019-01-22,Bread,5,2,10
634,76,2019-01-22,Tomatoes,4,5,20
634,76,2019-01-22,Bread,4,2,8
634,76,2019-01-22,Carrots,4,2.7,10.8
634,76,2019-01-22,Potatoes,4,2.3,9.2
634,76,2019-01-22,Pasta,4,3,12
635,16,2019-01-22,Carrots,3,2.7,8.100000000000001
635,16,2019-01-22,Ice Cubes,3,1,3
635,16,2019-01-22,Lettuce,3,2,6
635,16,2019-01-22,Orange Juice,3,3.5,10.5
636,51,2019-01-22,Lettuce,3,2,6
637,48,2019-01-22,Ice Cream,5,5,25
637,48,2019-01-22,Ice Cubes,5,1,5
637,48,2019-01-22,Cheese,5,2.5,12.5
638,84,2019-01-22,Potatoes,5,2.3,11.5
638,84,2019-01-22,Pasta,5,3,15
639,41,2019-01-22,Potatoes,2,2.3,4.6
639,41,2019-01-22,Orange Juice,2,3.5,7.0
639,41,2019-01-22,Carrots,2,2.7,5.4
639,41,2019-01-22,Pasta,2,3,6
639,41,2019-01-22,Lettuce,2,2,4
640,14,2019-01-22,Potatoes,3,2.3,6.8999999999999995
640,14,2019-01-22,Ice Cubes,3,1,3
640,14,2019-01-22,Orange Juice,3,3.5,10.5
640,14,2019-01-22,Lettuce,3,2,6
640,14,2019-01-22,Ice Cream,3,5,15
641,97,2019-01-22,Lettuce,3,2,6
642,1,2019-01-22,Pasta,5,3,15
643,15,2019-01-22,Potatoes,2,2.3,4.6
643,15,2019-01-22,Pasta,2,3,6
644,52,2019-01-22,Ice Cubes,4,1,4
645,87,2019-01-22,Bread,5,2,10
645,87,2019-01-22,Carrots,5,2.7,13.5
645,87,2019-01-22,Ice Cream,5,5,25
645,87,2019-01-22,Cheese,5,2.5,12.5
646,6,2019-01-22,Ice Cream,5,5,25
646,6,2019-01-22,Tomatoes,5,5,25
646,6,2019-01-22,Ice Cubes,5,1,5
646,6,2019-01-22,Potatoes,5,2.3,11.5
647,77,2019-01-22,Carrots,4,2.7,10.8
647,77,2019-01-22,Orange Juice,4,3.5,14.0
648,7,2019-01-22,Carrots,4,2.7,10.8
648,7,2019-01-22,Bread,4,2,8
649,19,2019-01-22,Potatoes,5,2.3,11.5
649,19,2019-01-22,Milk,5,1.5,7.5
649,19,2019-01-22,Ice Cream,5,5,25
649,19,2019-01-22,Ice Cubes,5,1,5
650,70,2019-01-22,Carrots,3,2.7,8.100000000000001
650,70,2019-01-22,Ice Cubes,3,1,3
650,70,2019-01-22,Orange Juice,3,3.5,10.5
650,70,2019-01-22,Lettuce,3,2,6
650,70,2019-01-22,Pasta,3,3,9
651,3,2019-01-22,Ice Cream,1,5,5
651,3,2019-01-22,Carrots,1,2.7,2.7
651,3,2019-01-22,Cheese,1,2.5,2.5
652,63,2019-01-22,Milk,2,1.5,3.0
652,63,2019-01-22,Cheese,2,2.5,5.0
653,37,2019-01-22,Tomatoes,2,5,10
653,37,2019-01-22,Potatoes,2,2.3,4.6
654,33,2019-01-22,Ice Cream,3,5,15
654,33,2019-01-22,Ice Cubes,3,1,3
654,33,2019-01-22,Cheese,3,2.5,7.5
654,33,2019-01-22,Carrots,3,2.7,8.100000000000001
654,33,2019-01-22,Potatoes,3,2.3,6.8999999999999995
655,86,2019-01-22,Ice Cream,1,5,5
655,86,2019-01-22,Orange Juice,1,3.5,3.5
655,86,2019-01-22,Bread,1,2,2
655,86,2019-01-22,Tomatoes,1,5,5
656,79,2019-01-22,Pasta,1,3,3
656,79,2019-01-22,Bread,1,2,2
656,79,2019-01-22,Ice Cubes,1,1,1
656,79,2019-01-22,Lettuce,1,2,2
656,79,2019-01-22,Orange Juice,1,3.5,3.5
657,44,2019-01-22,Milk,3,1.5,4.5
657,44,2019-01-22,Lettuce,3,2,6
657,44,2019-01-22,Orange Juice,3,3.5,10.5
657,44,2019-01-22,Ice Cubes,3,1,3
657,44,2019-01-22,Bread,3,2,6
658,59,2019-01-22,Pasta,3,3,9
658,59,2019-01-22,Potatoes,3,2.3,6.8999999999999995
658,59,2019-01-22,Ice Cubes,3,1,3
659,43,2019-01-22,Potatoes,5,2.3,11.5
660,19,2019-01-22,Ice Cubes,4,1,4
660,19,2019-01-22,Bread,4,2,8
660,19,2019-01-22,Tomatoes,4,5,20
660,19,2019-01-22,Orange Juice,4,3.5,14.0
661,67,2019-01-22,Cheese,3,2.5,7.5
661,67,2019-01-22,Bread,3,2,6
661,67,2019-01-22,Pasta,3,3,9
661,67,2019-01-22,Carrots,3,2.7,8.100000000000001
661,67,2019-01-22,Lettuce,3,2,6
662,93,2019-01-22,Bread,1,2,2
662,93,2019-01-22,Cheese,1,2.5,2.5
663,91,2019-01-22,Tomatoes,4,5,20
663,91,2019-01-22,Carrots,4,2.7,10.8
663,91,2019-01-22,Orange Juice,4,3.5,14.0
663,91,2019-01-22,Potatoes,4,2.3,9.2
663,91,2019-01-22,Lettuce,4,2,8
664,29,2019-01-22,Orange Juice,3,3.5,10.5
665,99,2019-01-22,Bread,5,2,10
665,99,2019-01-22,Cheese,5,2.5,12.5
665,99,2019-01-22,Potatoes,5,2.3,11.5
666,22,2019-01-22,Potatoes,5,2.3,11.5
667,93,2019-01-22,Lettuce,4,2,8
667,93,2019-01-22,Ice Cream,4,5,20
668,60,2019-01-22,Ice Cream,5,5,25
668,60,2019-01-22,Pasta,5,3,15
668,60,2019-01-22,Lettuce,5,2,10
669,88,2019-01-22,Orange Juice,3,3.5,10.5
669,88,2019-01-22,Lettuce,3,2,6
669,88,2019-01-22,Bread,3,2,6
669,88,2019-01-22,Pasta,3,3,9
669,88,2019-01-22,Milk,3,1.5,4.5
670,27,2019-01-22,Tomatoes,3,5,15
671,66,2019-01-22,Milk,3,1.5,4.5
671,66,2019-01-22,Orange Juice,3,3.5,10.5
671,66,2019-01-22,Carrots,3,2.7,8.100000000000001
672,89,2019-01-22,Ice Cubes,4,1,4
672,89,2019-01-22,Ice Cream,4,5,20
672,89,2019-01-22,Orange Juice,4,3.5,14.0
673,55,2019-01-22,Cheese,3,2.5,7.5
673,55,2019-01-22,Ice Cubes,3,1,3
673,55,2019-01-22,Ice Cream,3,5,15
673,55,2019-01-22,Milk,3,1.5,4.5
673,55,2019-01-22,Bread,3,2,6
674,82,2019-01-23,Milk,2,1.5,3.0
674,82,2019-01-23,Potatoes,2,2.3,4.6
674,82,2019-01-23,Ice Cubes,2,1,2
674,82,2019-01-23,Tomatoes,2,5,10
675,5,2019-01-23,Lettuce,5,2,10
675,5,2019-01-23,Pasta,5,3,15
675,5,2019-01-23,Orange Juice,5,3.5,17.5
676,72,2019-01-23,Pasta,1,3,3
677,93,2019-01-23,Pasta,5,3,15
677,93,2019-01-23,Ice Cream,5,5,25
677,93,2019-01-23,Lettuce,5,2,10
677,93,2019-01-23,Bread,5,2,10
677,93,2019-01-23,Orange Juice,5,3.5,17.5
678,34,2019-01-23,Orange Juice,1,3.5,3.5
678,34,2019-01-23,Lettuce,1,2,2
678,34,2019-01-23,Tomatoes,1,5,5
678,34,2019-01-23,Cheese,1,2.5,2.5
678,34,2019-01-23,Bread,1,2,2
679,83,2019-01-23,Tomatoes,2,5,10
680,34,2019-01-23,Potatoes,2,2.3,4.6
680,34,2019-01-23,Orange Juice,2,3.5,7.0
681,19,2019-01-23,Pasta,5,3,15
681,19,2019-01-23,Tomatoes,5,5,25
682,49,2019-01-23,Bread,1,2,2
682,49,2019-01-23,Pasta,1,3,3
682,49,2019-01-23,Tomatoes,1,5,5
682,49,2019-01-23,Ice Cream,1,5,5
682,49,2019-01-23,Ice Cubes,1,1,1
683,67,2019-01-23,Milk,1,1.5,1.5
683,67,2019-01-23,Tomatoes,1,5,5
683,67,2019-01-23,Lettuce,1,2,2
683,67,2019-01-23,Bread,1,2,2
684,75,2019-01-23,Orange Juice,2,3.5,7.0
684,75,2019-01-23,Milk,2,1.5,3.0
684,75,2019-01-23,Tomatoes,2,5,10
685,84,2019-01-23,Milk,2,1.5,3.0
685,84,2019-01-23,Orange Juice,2,3.5,7.0
685,84,2019-01-23,Ice Cream,2,5,10
685,84,2019-01-23,Carrots,2,2.7,5.4
686,64,2019-01-23,Carrots,1,2.7,2.7
687,15,2019-01-23,Pasta,1,3,3
687,15,2019-01-23,Bread,1,2,2
687,15,2019-01-23,Cheese,1,2.5,2.5
687,15,2019-01-23,Tomatoes,1,5,5
688,15,2019-01-23,Bread,1,2,2
688,15,2019-01-23,Potatoes,1,2.3,2.3
688,15,2019-01-23,Carrots,1,2.7,2.7
689,100,2019-01-23,Ice Cubes,3,1,3
689,100,2019-01-23,Lettuce,3,2,6
689,100,2019-01-23,Milk,3,1.5,4.5
690,57,2019-01-23,Ice Cubes,5,1,5
691,85,2019-01-23,Pasta,5,3,15
691,85,2019-01-23,Milk,5,1.5,7.5
691,85,2019-01-23,Ice Cubes,5,1,5
691,85,2019-01-23,Carrots,5,2.7,13.5
692,81,2019-01-23,Ice Cream,2,5,10
692,81,2019-01-23,Carrots,2,2.7,5.4
692,81,2019-01-23,Cheese,2,2.5,5.0
692,81,2019-01-23,Lettuce,2,2,4
693,3,2019-01-24,Pasta,3,3,9
693,3,2019-01-24,Tomatoes,3,5,15
693,3,2019-01-24,Ice Cubes,3,1,3
694,41,2019-01-24,Pasta,2,3,6
694,41,2019-01-24,Lettuce,2,2,4
695,35,2019-01-24,Pasta,1,3,3
695,35,2019-01-24,Cheese,1,2.5,2.5
695,35,2019-01-24,Ice Cubes,1,1,1
695,35,2019-01-24,Ice Cream,1,5,5
696,78,2019-01-24,Ice Cubes,3,1,3
696,78,2019-01-24,Potatoes,3,2.3,6.8999999999999995
696,78,2019-01-24,Ice Cream,3,5,15
696,78,2019-01-24,Carrots,3,2.7,8.100000000000001
696,78,2019-01-24,Pasta,3,3,9
697,13,2019-01-25,Ice Cream,5,5,25
698,15,2019-01-25,Bread,1,2,2
698,15,2019-01-25,Tomatoes,1,5,5
699,55,2019-01-25,Carrots,2,2.7,5.4
699,55,2019-01-25,Potatoes,2,2.3,4.6
699,55,2019-01-25,Bread,2,2,4
700,36,2019-01-25,Lettuce,3,2,6
700,36,2019-01-25,Carrots,3,2.7,8.100000000000001
700,36,2019-01-25,Milk,3,1.5,4.5
701,18,2019-01-25,Ice Cubes,5,1,5
701,18,2019-01-25,Pasta,5,3,15
701,18,2019-01-25,Bread,5,2,10
701,18,2019-01-25,Potatoes,5,2.3,11.5
701,18,2019-01-25,Milk,5,1.5,7.5
702,65,2019-01-25,Potatoes,3,2.3,6.8999999999999995
703,74,2019-01-25,Pasta,4,3,12
704,11,2019-01-25,Orange Juice,3,3.5,10.5
704,11,2019-01-25,Bread,3,2,6
704,11,2019-01-25,Potatoes,3,2.3,6.8999999999999995
705,18,2019-01-25,Orange Juice,1,3.5,3.5
705,18,2019-01-25,Ice Cream,1,5,5
705,18,2019-01-25,Tomatoes,1,5,5
706,64,2019-01-25,Pasta,2,3,6
706,64,2019-01-25,Ice Cream,2,5,10
706,64,2019-01-25,Milk,2,1.5,3.0
706,64,2019-01-25,Ice Cubes,2,1,2
706,64,2019-01-25,Carrots,2,2.7,5.4
707,95,2019-01-25,Ice Cubes,1,1,1
707,95,2019-01-25,Milk,1,1.5,1.5
707,95,2019-01-25,Bread,1,2,2
708,39,2019-01-26,Lettuce,2,2,4
708,39,2019-01-26,Carrots,2,2.7,5.4
708,39,2019-01-26,Tomatoes,2,5,10
708,39,2019-01-26,Milk,2,1.5,3.0
709,35,2019-01-26,Bread,2,2,4
709,35,2019-01-26,Lettuce,2,2,4
709,35,2019-01-26,Milk,2,1.5,3.0
709,35,2019-01-26,Carrots,2,2.7,5.4
710,93,2019-01-26,Lettuce,4,2,8
711,4,2019-01-26,Ice Cubes,2,1,2
712,36,2019-01-26,Potatoes,5,2.3,11.5
712,36,2019-01-26,Carrots,5,2.7,13.5
712,36,2019-01-26,Bread,5,2,10
713,63,2019-01-26,Carrots,5,2.7,13.5
713,63,2019-01-26,Pasta,5,3,15
713,63,2019-01-26,Tomatoes,5,5,25
713,63,2019-01-26,Bread,5,2,10
713,63,2019-01-26,Cheese,5,2.5,12.5
714,12,2019-01-26,Carrots,4,2.7,10.8
714,12,2019-01-26,Milk,4,1.5,6.0
715,54,2019-01-26,Pasta,2,3,6
715,54,2019-01-26,Orange Juice,2,3.5,7.0
715,54,2019-01-26,Ice Cubes,2,1,2
715,54,2019-01-26,Cheese,2,2.5,5.0
716,80,2019-01-26,Orange Juice,1,3.5,3.5
716,80,2019-01-26,Ice Cubes,1,1,1
716,80,2019-01-26,Tomatoes,1,5,5
716,80,2019-01-26,Lettuce,1,2,2
717,62,2019-01-26,Orange Juice,3,3.5,10.5
717,62,2019-01-26,Milk,3,1.5,4.5
718,62,2019-01-26,Ice Cream,3,5,15
718,62,2019-01-26,Bread,3,2,6
718,62,2019-01-26,Orange Juice,3,3.5,10.5
718,62,2019-01-26,Cheese,3,2.5,7.5
719,78,2019-01-26,Potatoes,5,2.3,11.5
719,78,2019-01-26,Tomatoes,5,5,25
719,78,2019-01-26,Milk,5,1.5,7.5
720,59,2019-01-26,Ice Cream,1,5,5
720,59,2019-01-26,Potatoes,1,2.3,2.3
721,35,2019-01-26,Potatoes,4,2.3,9.2
721,35,2019-01-26,Ice Cream,4,5,20
721,35,2019-01-26,Milk,4,1.5,6.0
721,35,2019-01-26,Tomatoes,4,5,20
722,22,2019-01-26,Ice Cubes,2,1,2
722,22,2019-01-26,Lettuce,2,2,4
722,22,2019-01-26,Milk,2,1.5,3.0
722,22,2019-01-26,Tomatoes,2,5,10
723,58,2019-01-26,Carrots,4,2.7,10.8
723,58,2019-01-26,Bread,4,2,8
723,58,2019-01-26,Cheese,4,2.5,10.0
724,27,2019-01-26,Tomatoes,1,5,5
725,63,2019-01-26,Pasta,4,3,12
725,63,2019-01-26,Milk,4,1.5,6.0
726,74,2019-01-26,Pasta,4,3,12
726,74,2019-01-26,Cheese,4,2.5,10.0
726,74,2019-01-26,Ice Cream,4,5,20
726,74,2019-01-26,Bread,4,2,8
727,83,2019-01-26,Lettuce,1,2,2
728,94,2019-01-26,Bread,2,2,4
729,16,2019-01-26,Lettuce,4,2,8
729,16,2019-01-26,Pasta,4,3,12
729,16,2019-01-26,Tomatoes,4,5,20
729,16,2019-01-26,Ice Cubes,4,1,4
730,69,2019-01-26,Pasta,2,3,6
731,53,2019-01-26,Lettuce,2,2,4
731,53,2019-01-26,Carrots,2,2.7,5.4
732,13,2019-01-26,Tomatoes,5,5,25
732,13,2019-01-26,Pasta,5,3,15
733,80,2019-01-26,Pasta,4,3,12
733,80,2019-01-26,Tomatoes,4,5,20
733,80,2019-01-26,Milk,4,1.5,6.0
733,80,2019-01-26,Orange Juice,4,3.5,14.0
734,3,2019-01-26,Tomatoes,1,5,5
734,3,2019-01-26,Pasta,1,3,3
734,3,2019-01-26,Potatoes,1,2.3,2.3
734,3,2019-01-26,Lettuce,1,2,2
735,55,2019-01-26,Ice Cubes,3,1,3
736,28,2019-01-26,Pasta,3,3,9
736,28,2019-01-26,Lettuce,3,2,6
737,88,2019-01-26,Bread,3,2,6
737,88,2019-01-26,Pasta,3,3,9
738,101,2019-01-26,Cheese,1,2.5,2.5
738,101,2019-01-26,Pasta,1,3,3
738,101,2019-01-26,Ice Cubes,1,1,1
738,101,2019-01-26,Orange Juice,1,3.5,3.5
738,101,2019-01-26,Potatoes,1,2.3,2.3
739,38,2019-01-26,Orange Juice,4,3.5,14.0
739,38,2019-01-26,Cheese,4,2.5,10.0
739,38,2019-01-26,Tomatoes,4,5,20
739,38,2019-01-26,Pasta,4,3,12
740,98,2019-01-26,Ice Cream,2,5,10
740,98,2019-01-26,Carrots,2,2.7,5.4
740,98,2019-01-26,Potatoes,2,2.3,4.6
740,98,2019-01-26,Ice Cubes,2,1,2
741,9,2019-01-26,Ice Cubes,5,1,5
741,9,2019-01-26,Pasta,5,3,15
741,9,2019-01-26,Bread,5,2,10
741,9,2019-01-26,Lettuce,5,2,10
742,76,2019-01-26,Pasta,1,3,3
743,56,2019-01-26,Pasta,4,3,12
743,56,2019-01-26,Bread,4,2,8
743,56,2019-01-26,Ice Cream,4,5,20
743,56,2019-01-26,Orange Juice,4,3.5,14.0
744,94,2019-01-26,Pasta,5,3,15
744,94,2019-01-26,Potatoes,5,2.3,11.5
744,94,2019-01-26,Lettuce,5,2,10
744,94,2019-01-26,Bread,5,2,10
744,94,2019-01-26,Ice Cream,5,5,25
745,12,2019-01-26,Milk,1,1.5,1.5
745,12,2019-01-26,Carrots,1,2.7,2.7
745,12,2019-01-26,Bread,1,2,2
746,62,2019-01-27,Cheese,5,2.5,12.5
746,62,2019-01-27,Potatoes,5,2.3,11.5
747,25,2019-01-27,Lettuce,5,2,10
747,25,2019-01-27,Carrots,5,2.7,13.5
747,25,2019-01-27,Cheese,5,2.5,12.5
747,25,2019-01-27,Ice Cubes,5,1,5
747,25,2019-01-27,Tomatoes,5,5,25
748,4,2019-01-27,Ice Cubes,1,1,1
748,4,2019-01-27,Pasta,1,3,3
748,4,2019-01-27,Carrots,1,2.7,2.7
748,4,2019-01-27,Cheese,1,2.5,2.5
749,25,2019-01-27,Cheese,5,2.5,12.5
749,25,2019-01-27,Pasta,5,3,15
749,25,2019-01-27,Orange Juice,5,3.5,17.5
750,22,2019-01-27,Tomatoes,3,5,15
751,36,2019-01-27,Cheese,4,2.5,10.0
751,36,2019-01-27,Lettuce,4,2,8
751,36,2019-01-27,Milk,4,1.5,6.0
752,40,2019-01-27,Cheese,5,2.5,12.5
752,40,2019-01-27,Ice Cream,5,5,25
752,40,2019-01-27,Potatoes,5,2.3,11.5
752,40,2019-01-27,Carrots,5,2.7,13.5
753,71,2019-01-27,Tomatoes,4,5,20
753,71,2019-01-27,Ice Cubes,4,1,4
754,7,2019-01-27,Cheese,3,2.5,7.5
754,7,2019-01-27,Milk,3,1.5,4.5
755,26,2019-01-27,Cheese,3,2.5,7.5
756,45,2019-01-27,Potatoes,2,2.3,4.6
756,45,2019-01-27,Ice Cubes,2,1,2
756,45,2019-01-27,Pasta,2,3,6
756,45,2019-01-27,Orange Juice,2,3.5,7.0
757,50,2019-01-27,Tomatoes,1,5,5
757,50,2019-01-27,Pasta,1,3,3
757,50,2019-01-27,Ice Cubes,1,1,1
757,50,2019-01-27,Milk,1,1.5,1.5
757,50,2019-01-27,Potatoes,1,2.3,2.3
758,90,2019-01-27,Ice Cubes,3,1,3
758,90,2019-01-27,Ice Cream,3,5,15
758,90,2019-01-27,Bread,3,2,6
759,89,2019-01-27,Orange Juice,1,3.5,3.5
759,89,2019-01-27,Tomatoes,1,5,5
759,89,2019-01-27,Milk,1,1.5,1.5
759,89,2019-01-27,Potatoes,1,2.3,2.3
760,55,2019-01-27,Pasta,2,3,6
760,55,2019-01-27,Orange Juice,2,3.5,7.0
760,55,2019-01-27,Lettuce,2,2,4
761,1,2019-01-27,Lettuce,3,2,6
762,95,2019-01-27,Carrots,2,2.7,5.4
762,95,2019-01-27,Bread,2,2,4
763,8,2019-01-27,Orange Juice,3,3.5,10.5
763,8,2019-01-27,Ice Cubes,3,1,3
763,8,2019-01-27,Tomatoes,3,5,15
763,8,2019-01-27,Bread,3,2,6
764,90,2019-01-27,Ice Cream,2,5,10
764,90,2019-01-27,Lettuce,2,2,4
764,90,2019-01-27,Cheese,2,2.5,5.0
764,90,2019-01-27,Bread,2,2,4
764,90,2019-01-27,Tomatoes,2,5,10
765,32,2019-01-27,Orange Juice,1,3.5,3.5
765,32,2019-01-27,Lettuce,1,2,2
765,32,2019-01-27,Ice Cubes,1,1,1
766,6,2019-01-27,Orange Juice,5,3.5,17.5
767,29,2019-01-27,Milk,1,1.5,1.5
767,29,2019-01-27,Ice Cream,1,5,5
767,29,2019-01-27,Bread,1,2,2
767,29,2019-01-27,Tomatoes,1,5,5
767,29,2019-01-27,Ice Cubes,1,1,1
768,79,2019-01-27,Pasta,3,3,9
768,79,2019-01-27,Tomatoes,3,5,15
768,79,2019-01-27,Lettuce,3,2,6
768,79,2019-01-27,Bread,3,2,6
768,79,2019-01-27,Potatoes,3,2.3,6.8999999999999995
769,18,2019-01-27,Ice Cream,4,5,20
770,51,2019-01-27,Carrots,5,2.7,13.5
770,51,2019-01-27,Tomatoes,5,5,25
770,51,2019-01-27,Ice Cream,5,5,25
770,51,2019-01-27,Bread,5,2,10
771,76,2019-01-27,Ice Cream,4,5,20
771,76,2019-01-27,Ice Cubes,4,1,4
771,76,2019-01-27,Cheese,4,2.5,10.0
772,26,2019-01-27,Orange Juice,4,3.5,14.0
772,26,2019-01-27,Ice Cubes,4,1,4
772,26,2019-01-27,Tomatoes,4,5,20
772,26,2019-01-27,Cheese,4,2.5,10.0
772,26,2019-01-27,Pasta,4,3,12
773,19,2019-01-27,Tomatoes,5,5,25
773,19,2019-01-27,Carrots,5,2.7,13.5
773,19,2019-01-27,Ice Cubes,5,1,5
774,48,2019-01-27,Orange Juice,3,3.5,10.5
774,48,2019-01-27,Lettuce,3,2,6
774,48,2019-01-27,Milk,3,1.5,4.5
774,48,2019-01-27,Potatoes,3,2.3,6.8999999999999995
775,18,2019-01-27,Ice Cream,5,5,25
775,18,2019-01-27,Orange Juice,5,3.5,17.5
775,18,2019-01-27,Tomatoes,5,5,25
775,18,2019-01-27,Milk,5,1.5,7.5
775,18,2019-01-27,Pasta,5,3,15
776,60,2019-01-27,Ice Cream,2,5,10
777,52,2019-01-27,Carrots,1,2.7,2.7
777,52,2019-01-27,Ice Cubes,1,1,1
777,52,2019-01-27,Bread,1,2,2
777,52,2019-01-27,Milk,1,1.5,1.5
778,93,2019-01-27,Potatoes,3,2.3,6.8999999999999995
778,93,2019-01-27,Orange Juice,3,3.5,10.5
779,99,2019-01-27,Bread,5,2,10
779,99,2019-01-27,Pasta,5,3,15
780,16,2019-01-27,Lettuce,1,2,2
780,16,2019-01-27,Orange Juice,1,3.5,3.5
780,16,2019-01-27,Ice Cubes,1,1,1
780,16,2019-01-27,Pasta,1,3,3
780,16,2019-01-27,Ice Cream,1,5,5
781,49,2019-01-27,Lettuce,5,2,10
781,49,2019-01-27,Tomatoes,5,5,25
781,49,2019-01-27,Potatoes,5,2.3,11.5
781,49,2019-01-27,Orange Juice,5,3.5,17.5
781,49,2019-01-27,Ice Cream,5,5,25
782,35,2019-01-27,Lettuce,4,2,8
783,46,2019-01-27,Ice Cream,1,5,5
784,54,2019-01-27,Milk,2,1.5,3.0
784,54,2019-01-27,Potatoes,2,2.3,4.6
784,54,2019-01-27,Cheese,2,2.5,5.0
784,54,2019-01-27,Ice Cream,2,5,10
785,92,2019-01-27,Potatoes,1,2.3,2.3
785,92,2019-01-27,Carrots,1,2.7,2.7
786,59,2019-01-27,Milk,3,1.5,4.5
786,59,2019-01-27,Potatoes,3,2.3,6.8999999999999995
787,7,2019-01-27,Ice Cubes,2,1,2
787,7,2019-01-27,Cheese,2,2.5,5.0
787,7,2019-01-27,Bread,2,2,4
788,42,2019-01-27,Bread,1,2,2
788,42,2019-01-27,Potatoes,1,2.3,2.3
789,56,2019-01-27,Cheese,5,2.5,12.5
789,56,2019-01-27,Bread,5,2,10
789,56,2019-01-27,Milk,5,1.5,7.5
790,62,2019-01-27,Pasta,2,3,6
790,62,2019-01-27,Ice Cream,2,5,10
790,62,2019-01-27,Cheese,2,2.5,5.0
790,62,2019-01-27,Milk,2,1.5,3.0
791,92,2019-01-27,Ice Cubes,3,1,3
791,92,2019-01-27,Milk,3,1.5,4.5
791,92,2019-01-27,Potatoes,3,2.3,6.8999999999999995
791,92,2019-01-27,Tomatoes,3,5,15
792,28,2019-01-27,Potatoes,4,2.3,9.2
792,28,2019-01-27,Ice Cream,4,5,20
793,15,2019-01-27,Milk,2,1.5,3.0
793,15,2019-01-27,Bread,2,2,4
793,15,2019-01-27,Ice Cream,2,5,10
794,46,2019-01-27,Potatoes,4,2.3,9.2
794,46,2019-01-27,Bread,4,2,8
794,46,2019-01-27,Tomatoes,4,5,20
794,46,2019-01-27,Orange Juice,4,3.5,14.0
794,46,2019-01-27,Milk,4,1.5,6.0
795,36,2019-01-27,Milk,5,1.5,7.5
796,41,2019-01-28,Pasta,1,3,3
797,28,2019-01-28,Orange Juice,1,3.5,3.5
797,28,2019-01-28,Pasta,1,3,3
798,96,2019-01-28,Bread,3,2,6
798,96,2019-01-28,Milk,3,1.5,4.5
798,96,2019-01-28,Orange Juice,3,3.5,10.5
798,96,2019-01-28,Carrots,3,2.7,8.100000000000001
799,45,2019-01-28,Cheese,2,2.5,5.0
799,45,2019-01-28,Milk,2,1.5,3.0
799,45,2019-01-28,Carrots,2,2.7,5.4
800,91,2019-01-28,Carrots,5,2.7,13.5
800,91,2019-01-28,Potatoes,5,2.3,11.5
800,91,2019-01-28,Lettuce,5,2,10
800,91,2019-01-28,Milk,5,1.5,7.5
801,33,2019-01-28,Ice Cubes,4,1,4
802,85,2019-01-28,Ice Cubes,4,1,4
803,65,2019-01-28,Ice Cubes,1,1,1
804,29,2019-01-28,Orange Juice,3,3.5,10.5
804,29,2019-01-28,Potatoes,3,2.3,6.8999999999999995
804,29,2019-01-28,Ice Cream,3,5,15
805,44,2019-01-28,Ice Cream,1,5,5
805,44,2019-01-28,Milk,1,1.5,1.5
806,39,2019-01-28,Carrots,1,2.7,2.7
806,39,2019-01-28,Ice Cream,1,5,5
806,39,2019-01-28,Milk,1,1.5,1.5
806,39,2019-01-28,Cheese,1,2.5,2.5
806,39,2019-01-28,Tomatoes,1,5,5
807,76,2019-01-28,Milk,1,1.5,1.5
808,58,2019-01-28,Potatoes,3,2.3,6.8999999999999995
808,58,2019-01-28,Orange Juice,3,3.5,10.5
809,87,2019-01-28,Lettuce,4,2,8
809,87,2019-01-28,Carrots,4,2.7,10.8
809,87,2019-01-28,Cheese,4,2.5,10.0
809,87,2019-01-28,Tomatoes,4,5,20
810,57,2019-01-28,Milk,2,1.5,3.0
811,16,2019-01-28,Carrots,3,2.7,8.100000000000001
811,16,2019-01-28,Orange Juice,3,3.5,10.5
811,16,2019-01-28,Potatoes,3,2.3,6.8999999999999995
811,16,2019-01-28,Milk,3,1.5,4.5
812,99,2019-01-28,Milk,3,1.5,4.5
812,99,2019-01-28,Lettuce,3,2,6
812,99,2019-01-28,Carrots,3,2.7,8.100000000000001
812,99,2019-01-28,Ice Cubes,3,1,3
812,99,2019-01-28,Orange Juice,3,3.5,10.5
813,95,2019-01-28,Orange Juice,3,3.5,10.5
814,38,2019-01-28,Ice Cubes,1,1,1
814,38,2019-01-28,Cheese,1,2.5,2.5
814,38,2019-01-28,Milk,1,1.5,1.5
814,38,2019-01-28,Orange Juice,1,3.5,3.5
814,38,2019-01-28,Bread,1,2,2
815,35,2019-01-29,Ice Cubes,1,1,1
815,35,2019-01-29,Lettuce,1,2,2
816,17,2019-01-29,Orange Juice,2,3.5,7.0
816,17,2019-01-29,Bread,2,2,4
817,74,2019-01-29,Orange Juice,1,3.5,3.5
817,74,2019-01-29,Potatoes,1,2.3,2.3
817,74,2019-01-29,Pasta,1,3,3
818,71,2019-01-29,Potatoes,5,2.3,11.5
818,71,2019-01-29,Carrots,5,2.7,13.5
818,71,2019-01-29,Pasta,5,3,15
818,71,2019-01-29,Lettuce,5,2,10
819,97,2019-01-29,Cheese,1,2.5,2.5
819,97,2019-01-29,Bread,1,2,2
819,97,2019-01-29,Tomatoes,1,5,5
820,59,2019-01-29,Cheese,2,2.5,5.0
820,59,2019-01-29,Lettuce,2,2,4
820,59,2019-01-29,Potatoes,2,2.3,4.6
820,59,2019-01-29,Carrots,2,2.7,5.4
821,82,2019-01-29,Milk,5,1.5,7.5
821,82,2019-01-29,Potatoes,5,2.3,11.5
821,82,2019-01-29,Carrots,5,2.7,13.5
821,82,2019-01-29,Orange Juice,5,3.5,17.5
822,11,2019-01-29,Potatoes,2,2.3,4.6
822,11,2019-01-29,Ice Cream,2,5,10
823,90,2019-01-29,Tomatoes,4,5,20
823,90,2019-01-29,Ice Cubes,4,1,4
824,68,2019-01-29,Tomatoes,4,5,20
824,68,2019-01-29,Carrots,4,2.7,10.8
825,62,2019-01-30,Cheese,2,2.5,5.0
825,62,2019-01-30,Pasta,2,3,6
825,62,2019-01-30,Carrots,2,2.7,5.4
826,24,2019-01-30,Cheese,4,2.5,10.0
826,24,2019-01-30,Tomatoes,4,5,20
826,24,2019-01-30,Carrots,4,2.7,10.8
826,24,2019-01-30,Bread,4,2,8
827,84,2019-01-30,Cheese,4,2.5,10.0
827,84,2019-01-30,Potatoes,4,2.3,9.2
827,84,2019-01-30,Ice Cream,4,5,20
827,84,2019-01-30,Ice Cubes,4,1,4
